investor_id,n_transactions,avg_gap_days,max_gap_days,first_tx,last_tx,at_risk
INV000004,6,85.4,145.0,2024-03-16,2025-05-17,Yes
INV000008,6,107.8,209.0,2024-05-12,2025-11-02,Yes
INV000010,6,137.8,272.0,2024-01-12,2025-12-01,Yes
INV000011,7,47.8,92.0,2024-01-22,2024-11-04,Yes
INV000012,8,57.4,116.0,2024-03-27,2025-05-03,Yes
INV000013,7,57.0,122.0,2024-04-08,2025-03-16,Yes
INV000014,7,110.7,195.0,2024-02-06,2025-12-01,Yes
INV000023,8,58.6,173.0,2024-03-21,2025-05-05,Yes
INV000028,6,73.0,238.0,2024-05-20,2025-05-20,Yes
INV000029,7,79.8,187.0,2024-05-11,2025-09-02,Yes
INV000030,9,58.8,131.0,2024-02-19,2025-06-03,Yes
INV000033,8,77.0,326.0,2024-05-12,2025-11-02,Yes
INV000039,6,74.4,135.0,2024-04-27,2025-05-04,Yes
INV000045,6,72.0,125.0,2024-01-09,2025-01-03,Yes
INV000048,9,65.5,174.0,2024-03-27,2025-09-02,Yes
INV000052,6,36.2,106.0,2024-03-31,2024-09-28,Yes
INV000056,6,65.0,131.0,2024-02-28,2025-01-18,Yes
INV000057,8,57.6,149.0,2024-03-06,2025-04-13,Yes
INV000069,10,36.2,82.0,2024-02-14,2025-01-05,Yes
INV000072,6,98.6,247.0,2024-01-06,2025-05-13,Yes
INV000073,9,79.8,289.0,2024-01-05,2025-10-04,Yes
INV000074,8,70.9,250.0,2024-01-20,2025-05-30,Yes
INV000075,6,127.8,250.0,2024-01-05,2025-10-05,Yes
INV000076,6,104.8,336.0,2024-04-29,2025-10-05,Yes
INV000079,6,89.2,198.0,2024-02-06,2025-04-27,Yes
INV000081,7,71.5,194.0,2024-01-01,2025-03-05,Yes
INV000082,7,110.2,243.0,2024-01-13,2025-11-04,Yes
INV000086,10,35.0,63.0,2024-05-02,2025-03-13,Yes
INV000087,6,100.2,173.0,2024-02-20,2025-07-05,Yes
INV000091,8,34.1,69.0,2024-02-06,2024-10-02,Yes
INV000093,7,55.5,166.0,2024-01-30,2024-12-28,Yes
INV000094,6,56.0,187.0,2024-02-08,2024-11-14,Yes
INV000095,6,56.6,155.0,2024-04-19,2025-01-27,Yes
INV000097,7,51.0,136.0,2024-05-19,2025-03-21,Yes
INV000101,8,82.3,286.0,2024-01-07,2025-08-05,Yes
INV000102,8,70.4,125.0,2024-01-06,2025-05-13,Yes
INV000103,6,89.6,231.0,2024-01-08,2025-03-31,Yes
INV000105,8,82.6,158.0,2024-02-01,2025-09-01,Yes
INV000109,9,53.6,296.0,2024-02-29,2025-05-03,Yes
INV000113,8,37.0,131.0,2024-04-14,2024-12-29,Yes
INV000123,7,72.3,156.0,2024-01-12,2025-03-21,Yes
INV000128,6,70.2,181.0,2024-03-19,2025-03-05,Yes
INV000131,7,80.7,280.0,2024-03-06,2025-07-03,Yes
INV000132,6,61.8,100.0,2024-05-30,2025-04-04,Yes
INV000133,6,81.6,147.0,2024-02-15,2025-03-29,Yes
INV000138,6,74.2,220.0,2024-05-16,2025-05-22,Yes
INV000145,6,113.2,401.0,2024-02-17,2025-09-05,Yes
INV000146,6,118.6,334.0,2024-03-18,2025-11-01,Yes
INV000148,9,50.8,116.0,2024-03-04,2025-04-14,Yes
INV000155,7,44.3,99.0,2024-05-07,2025-01-28,Yes
INV000161,7,78.0,213.0,2024-02-23,2025-06-05,Yes
INV000163,8,77.1,247.0,2024-02-10,2025-08-03,Yes
INV000164,6,61.8,129.0,2024-04-17,2025-02-20,Yes
INV000169,7,78.5,222.0,2024-03-17,2025-07-01,Yes
INV000173,7,57.7,86.0,2024-04-18,2025-03-30,Yes
INV000175,7,72.5,168.0,2024-03-19,2025-05-28,Yes
INV000177,8,89.6,278.0,2024-01-16,2025-10-04,Yes
INV000180,6,107.2,281.0,2024-06-15,2025-12-03,Yes
INV000183,9,56.1,129.0,2024-02-20,2025-05-14,Yes
INV000191,7,51.5,90.0,2024-05-12,2025-03-17,Yes
INV000194,7,63.0,136.0,2024-05-23,2025-06-05,Yes
INV000195,6,56.2,114.0,2024-07-23,2025-04-30,Yes
INV000196,7,69.8,176.0,2024-03-12,2025-05-05,Yes
INV000201,9,51.1,100.0,2024-01-17,2025-03-01,Yes
INV000205,8,83.7,341.0,2024-01-27,2025-09-04,Yes
INV000210,8,85.7,177.0,2024-01-14,2025-09-05,Yes
INV000214,6,87.6,150.0,2024-03-21,2025-06-02,Yes
INV000217,6,109.2,183.0,2024-03-08,2025-09-05,Yes
INV000228,9,44.5,91.0,2024-05-07,2025-04-28,Yes
INV000236,8,57.6,112.0,2024-01-18,2025-02-24,Yes
INV000238,6,72.8,170.0,2024-07-04,2025-07-03,Yes
INV000239,8,48.9,105.0,2024-04-16,2025-03-24,Yes
INV000243,6,128.0,314.0,2024-01-03,2025-10-04,Yes
INV000245,6,97.6,243.0,2024-01-12,2025-05-14,Yes
INV000249,7,69.0,300.0,2024-05-13,2025-07-01,Yes
INV000252,6,49.0,96.0,2024-01-25,2024-09-26,Yes
INV000255,6,29.4,57.0,2024-03-09,2024-08-03,Yes
INV000256,6,75.8,161.0,2024-02-03,2025-02-16,Yes
INV000259,6,135.2,275.0,2024-01-25,2025-12-01,Yes
INV000260,8,59.1,164.0,2024-01-11,2025-02-28,Yes
INV000262,8,53.6,108.0,2024-04-18,2025-04-28,Yes
INV000263,8,87.7,217.0,2024-01-29,2025-10-04,Yes
INV000265,10,75.1,195.0,2024-01-25,2025-12-01,Yes
INV000268,7,62.3,143.0,2024-01-22,2025-01-30,Yes
INV000279,9,83.6,320.0,2024-01-03,2025-11-02,Yes
INV000280,9,85.2,335.0,2024-01-22,2025-12-04,Yes
INV000283,6,107.2,166.0,2024-01-12,2025-07-01,Yes
INV000287,7,109.3,269.0,2024-01-17,2025-11-03,Yes
INV000289,8,71.3,139.0,2024-01-21,2025-06-03,Yes
INV000291,6,96.2,255.0,2024-01-06,2025-05-01,Yes
INV000292,7,46.0,98.0,2024-05-13,2025-02-13,Yes
INV000293,7,46.2,91.0,2024-01-14,2024-10-17,Yes
INV000297,6,96.6,193.0,2024-01-02,2025-04-29,Yes
INV000299,6,85.2,240.0,2024-03-22,2025-05-22,Yes
INV000304,7,75.0,234.0,2024-01-02,2025-03-27,Yes
INV000309,8,70.4,184.0,2024-01-25,2025-06-01,Yes
INV000310,7,82.0,203.0,2024-02-25,2025-07-01,Yes
INV000318,6,102.0,210.0,2024-01-06,2025-05-30,Yes
INV000319,7,83.8,201.0,2024-02-17,2025-07-04,Yes
INV000321,7,88.2,213.0,2024-02-20,2025-08-02,Yes
INV000328,9,52.8,104.0,2024-01-04,2025-03-01,Yes
INV000331,8,96.9,346.0,2024-01-23,2025-12-01,Yes
INV000334,7,37.7,94.0,2024-04-09,2024-11-21,Yes
INV000335,6,96.0,163.0,2024-01-25,2025-05-19,Yes
INV000339,6,94.0,195.0,2024-02-15,2025-05-30,Yes
INV000341,8,62.9,143.0,2024-02-18,2025-05-03,Yes
INV000356,6,107.6,323.0,2024-06-13,2025-12-03,Yes
INV000359,9,63.4,210.0,2024-01-12,2025-06-02,Yes
INV000363,7,71.5,153.0,2024-03-16,2025-05-19,Yes
INV000369,6,62.0,142.0,2024-01-05,2024-11-10,Yes
INV000371,8,80.4,161.0,2024-01-18,2025-08-03,Yes
INV000372,7,54.5,99.0,2024-03-03,2025-01-24,Yes
INV000380,6,97.0,272.0,2024-01-18,2025-05-17,Yes
INV000388,9,52.4,148.0,2024-02-27,2025-04-21,Yes
INV000392,7,83.5,205.0,2024-01-03,2025-05-18,Yes
INV000395,7,74.3,119.0,2024-04-13,2025-07-03,Yes
INV000396,6,83.2,277.0,2024-01-24,2025-03-15,Yes
INV000399,10,44.0,68.0,2024-02-27,2025-03-29,Yes
INV000400,6,127.4,180.0,2024-01-05,2025-10-03,Yes
INV000403,6,58.2,90.0,2024-05-30,2025-03-17,Yes
INV000407,6,88.6,157.0,2024-01-03,2025-03-21,Yes
INV000408,6,50.0,98.0,2024-02-11,2024-10-18,Yes
INV000412,8,60.6,122.0,2024-06-07,2025-08-05,Yes
INV000414,8,63.3,223.0,2024-02-02,2025-04-20,Yes
INV000415,7,46.8,97.0,2024-03-30,2025-01-05,Yes
INV000418,6,86.8,238.0,2024-01-16,2025-03-25,Yes
INV000427,7,58.8,116.0,2024-04-02,2025-03-21,Yes
INV000428,8,52.1,110.0,2024-01-01,2024-12-31,Yes
INV000429,6,130.0,325.0,2024-01-22,2025-11-02,Yes
INV000437,6,92.0,144.0,2024-01-01,2025-04-05,Yes
INV000440,8,85.3,171.0,2024-01-17,2025-09-05,Yes
INV000441,6,62.0,151.0,2024-06-28,2025-05-04,Yes
INV000444,6,73.2,129.0,2024-04-26,2025-04-27,Yes
INV000445,9,57.8,146.0,2024-01-24,2025-04-30,Yes
INV000446,6,59.0,101.0,2024-02-13,2024-12-04,Yes
INV000449,6,78.2,157.0,2024-01-08,2025-02-02,Yes
INV000452,9,67.9,195.0,2024-03-09,2025-09-03,Yes
INV000457,6,91.4,256.0,2024-02-25,2025-05-27,Yes
INV000460,6,36.6,75.0,2024-02-03,2024-08-04,Yes
INV000463,7,34.5,78.0,2024-08-07,2025-03-02,Yes
INV000466,7,102.8,217.0,2024-01-26,2025-10-04,Yes
INV000467,10,77.9,256.0,2024-01-01,2025-12-02,Yes
INV000469,7,70.5,239.0,2024-03-30,2025-05-27,Yes
INV000483,8,72.4,252.0,2024-01-04,2025-05-25,Yes
INV000491,6,95.0,202.0,2024-02-02,2025-05-22,Yes
INV000493,10,67.8,183.0,2024-01-03,2025-09-04,Yes
INV000497,7,88.3,191.0,2024-03-23,2025-09-04,Yes
INV000499,7,97.7,203.0,2024-01-28,2025-09-05,Yes
INV000507,7,70.2,131.0,2024-02-27,2025-04-23,Yes
INV000512,9,46.0,172.0,2024-02-18,2025-02-20,Yes
INV000522,6,94.0,180.0,2024-02-15,2025-05-30,Yes
INV000524,7,81.7,163.0,2024-01-11,2025-05-15,Yes
INV000527,6,62.8,116.0,2024-07-09,2025-05-19,Yes
INV000529,6,47.4,81.0,2024-08-06,2025-03-31,Yes
INV000531,7,78.8,131.0,2024-01-10,2025-04-27,Yes
INV000539,7,62.7,129.0,2024-01-26,2025-02-05,Yes
INV000540,7,88.2,123.0,2024-02-19,2025-08-01,Yes
INV000543,7,67.2,196.0,2024-04-19,2025-05-27,Yes
INV000545,6,74.8,168.0,2024-03-27,2025-04-05,Yes
INV000546,9,55.0,110.0,2024-01-14,2025-03-29,Yes
INV000547,6,69.2,82.0,2024-01-08,2024-12-19,Yes
INV000549,6,96.2,160.0,2024-01-19,2025-05-14,Yes
INV000553,6,93.4,172.0,2024-01-06,2025-04-17,Yes
INV000554,6,75.6,185.0,2024-02-18,2025-03-02,Yes
INV000556,8,75.4,224.0,2024-03-24,2025-09-03,Yes
INV000562,6,97.4,263.0,2024-08-03,2025-12-03,Yes
INV000563,7,99.5,198.0,2024-02-13,2025-10-02,Yes
INV000566,7,35.0,71.0,2024-08-24,2025-03-22,Yes
INV000567,6,63.8,121.0,2024-05-14,2025-03-29,Yes
INV000568,6,68.4,180.0,2024-02-12,2025-01-19,Yes
INV000570,8,72.7,158.0,2024-01-05,2025-05-28,Yes
INV000573,7,50.8,154.0,2024-01-27,2024-11-27,Yes
INV000575,6,113.0,480.0,2024-03-17,2025-10-03,Yes
INV000578,7,90.7,183.0,2024-02-08,2025-08-05,Yes
INV000581,7,78.3,182.0,2024-01-30,2025-05-14,Yes
INV000586,7,44.5,89.0,2024-01-23,2024-10-16,Yes
INV000589,9,62.9,90.0,2024-01-02,2025-05-19,Yes
INV000591,7,90.8,167.0,2024-01-07,2025-07-05,Yes
INV000593,6,62.8,163.0,2024-03-27,2025-02-04,Yes
INV000596,9,55.5,140.0,2024-01-02,2025-03-21,Yes
INV000597,6,83.0,223.0,2024-03-02,2025-04-21,Yes
INV000599,7,81.5,166.0,2024-01-13,2025-05-16,Yes
INV000607,7,66.7,148.0,2024-01-14,2025-02-17,Yes
INV000608,6,84.6,166.0,2024-03-27,2025-05-24,Yes
INV000609,6,47.0,83.0,2024-01-01,2024-08-23,Yes
INV000612,11,50.5,110.0,2024-01-16,2025-06-04,Yes
INV000615,7,74.8,156.0,2024-01-08,2025-04-01,Yes
INV000624,7,31.7,53.0,2024-01-31,2024-08-08,Yes
INV000625,6,86.4,132.0,2024-03-22,2025-05-28,Yes
INV000630,7,68.7,161.0,2024-01-31,2025-03-18,Yes
INV000631,6,47.8,136.0,2024-01-12,2024-09-07,Yes
INV000634,9,52.2,109.0,2024-01-22,2025-03-15,Yes
INV000635,6,82.0,240.0,2024-02-07,2025-03-23,Yes
INV000641,6,82.6,197.0,2024-03-08,2025-04-25,Yes
INV000642,9,53.5,123.0,2024-03-19,2025-05-21,Yes
INV000645,6,76.2,199.0,2024-06-15,2025-07-01,Yes
INV000646,7,84.0,142.0,2024-05-17,2025-10-03,Yes
INV000651,6,92.4,236.0,2024-01-20,2025-04-26,Yes
INV000652,6,75.2,118.0,2024-05-12,2025-05-23,Yes
INV000657,8,91.9,201.0,2024-01-28,2025-11-01,Yes
INV000662,8,83.0,272.0,2024-02-01,2025-09-04,Yes
INV000663,6,76.8,247.0,2024-04-01,2025-04-20,Yes
INV000665,10,41.2,69.0,2024-04-07,2025-04-13,Yes
INV000667,6,69.0,135.0,2024-05-21,2025-05-01,Yes
INV000673,6,92.8,196.0,2024-01-13,2025-04-21,Yes
INV000675,6,83.8,225.0,2024-04-08,2025-06-01,Yes
INV000676,11,57.0,178.0,2024-05-10,2025-12-01,Yes
INV000678,7,90.3,159.0,2024-03-09,2025-09-02,Yes
INV000683,9,53.9,146.0,2024-01-13,2025-03-19,Yes
INV000690,8,56.3,157.0,2024-04-23,2025-05-22,Yes
INV000691,6,66.4,163.0,2024-01-27,2024-12-24,Yes
INV000698,9,54.8,100.0,2024-02-20,2025-05-03,Yes
INV000699,6,42.8,147.0,2024-03-27,2024-10-27,Yes
INV000701,7,83.7,180.0,2024-01-13,2025-05-29,Yes
INV000707,9,75.2,178.0,2024-01-12,2025-09-05,Yes
INV000709,7,48.2,128.0,2024-06-18,2025-04-03,Yes
INV000710,6,88.6,204.0,2024-02-27,2025-05-15,Yes
INV000714,9,33.6,95.0,2024-07-06,2025-04-01,Yes
INV000718,7,57.8,133.0,2024-01-16,2024-12-28,Yes
INV000719,7,102.5,218.0,2024-02-29,2025-11-05,Yes
INV000724,6,82.4,199.0,2024-04-19,2025-06-05,Yes
INV000725,7,79.3,92.0,2024-03-14,2025-07-03,Yes
INV000734,8,64.0,180.0,2024-02-22,2025-05-15,Yes
INV000737,6,110.4,313.0,2024-01-31,2025-08-05,Yes
INV000747,6,135.6,255.0,2024-01-25,2025-12-03,Yes
INV000750,9,45.0,170.0,2024-03-08,2025-03-03,Yes
INV000751,9,56.0,171.0,2024-03-05,2025-05-27,Yes
INV000754,7,101.7,326.0,2024-02-03,2025-10-05,Yes
INV000759,7,64.5,129.0,2024-04-28,2025-05-20,Yes
INV000761,7,87.5,173.0,2024-02-26,2025-08-04,Yes
INV000768,8,98.9,277.0,2024-01-11,2025-12-03,Yes
INV000772,6,66.0,100.0,2024-03-07,2025-01-31,Yes
INV000774,7,99.3,296.0,2024-02-16,2025-10-04,Yes
INV000776,8,85.1,189.0,2024-03-16,2025-11-02,Yes
INV000777,6,54.2,114.0,2024-05-03,2025-01-29,Yes
INV000778,8,61.1,142.0,2024-03-12,2025-05-14,Yes
INV000779,6,75.0,153.0,2024-03-21,2025-03-31,Yes
INV000783,6,125.2,187.0,2024-02-14,2025-11-01,Yes
INV000785,6,71.4,194.0,2024-10-10,2025-10-02,Yes
INV000786,9,64.1,201.0,2024-01-01,2025-05-28,Yes
INV000789,8,91.9,257.0,2024-02-29,2025-12-03,Yes
INV000793,8,98.7,254.0,2024-01-14,2025-12-05,Yes
INV000803,7,100.5,259.0,2024-03-11,2025-11-04,Yes
INV000814,6,100.6,162.0,2024-01-15,2025-06-01,Yes
INV000822,7,55.5,81.0,2024-02-02,2024-12-31,Yes
INV000823,7,42.3,150.0,2024-02-05,2024-10-16,Yes
INV000827,8,57.9,126.0,2024-04-08,2025-05-18,Yes
INV000830,6,105.8,195.0,2024-04-21,2025-10-02,Yes
INV000833,8,40.6,178.0,2024-07-13,2025-04-23,Yes
INV000836,6,84.8,215.0,2024-01-01,2025-02-28,Yes
INV000843,6,84.4,237.0,2024-01-05,2025-03-02,Yes
INV000844,7,106.2,358.0,2024-03-06,2025-12-03,Yes
INV000847,6,71.2,136.0,2024-05-10,2025-05-01,Yes
INV000853,10,70.3,247.0,2024-01-10,2025-10-04,Yes
INV000854,9,76.2,182.0,2024-01-04,2025-09-05,Yes
INV000858,9,54.9,111.0,2024-02-07,2025-04-21,Yes
INV000862,6,120.0,252.0,2024-02-13,2025-10-05,Yes
INV000864,6,52.0,86.0,2024-01-16,2024-10-02,Yes
INV000865,9,67.9,140.0,2024-01-05,2025-07-01,Yes
INV000869,6,65.4,110.0,2024-02-27,2025-01-19,Yes
INV000873,7,70.8,165.0,2024-03-03,2025-05-02,Yes
INV000874,9,79.6,146.0,2024-01-06,2025-10-04,Yes
INV000877,6,92.0,250.0,2024-01-10,2025-04-14,Yes
INV000881,10,44.8,117.0,2024-01-22,2025-02-28,Yes
INV000887,7,65.7,268.0,2024-01-28,2025-02-25,Yes
INV000888,7,80.3,119.0,2024-01-27,2025-05-23,Yes
INV000893,7,65.0,133.0,2024-01-03,2025-01-27,Yes
INV000894,6,56.4,218.0,2024-07-26,2025-05-04,Yes
INV000901,6,69.6,137.0,2024-03-06,2025-02-17,Yes
INV000907,6,36.4,133.0,2024-07-31,2025-01-29,Yes
INV000920,6,134.2,335.0,2024-01-31,2025-12-02,Yes
INV000926,6,98.4,257.0,2024-03-28,2025-08-02,Yes
INV000929,7,115.3,348.0,2024-01-11,2025-12-03,Yes
INV000930,8,51.3,130.0,2024-03-09,2025-03-03,Yes
INV000935,9,41.5,96.0,2024-01-05,2024-12-02,Yes
INV000939,8,64.3,279.0,2024-02-06,2025-05-01,Yes
INV000942,7,47.3,98.0,2024-04-12,2025-01-21,Yes
INV000949,7,81.2,158.0,2024-03-04,2025-07-04,Yes
INV000950,6,92.2,215.0,2024-02-26,2025-06-01,Yes
INV000971,7,70.5,142.0,2024-08-08,2025-10-05,Yes
INV000974,7,110.7,256.0,2024-02-08,2025-12-03,Yes
INV000977,10,76.7,165.0,2024-01-13,2025-12-03,Yes
INV000979,6,104.6,305.0,2024-06-30,2025-12-05,Yes
INV000980,8,81.4,244.0,2024-04-11,2025-11-02,Yes
INV000981,6,77.2,181.0,2024-05-12,2025-06-02,Yes
INV000986,7,60.8,182.0,2024-02-28,2025-02-27,Yes
INV000994,6,81.2,144.0,2024-02-20,2025-04-01,Yes
INV001001,8,94.0,351.0,2024-02-15,2025-12-04,Yes
INV001002,7,51.3,97.0,2024-01-04,2024-11-07,Yes
INV001005,6,67.0,167.0,2024-07-02,2025-06-02,Yes
INV001008,7,100.0,382.0,2024-02-11,2025-10-03,Yes
INV001013,6,106.0,197.0,2024-01-22,2025-07-05,Yes
INV001017,6,80.4,208.0,2024-01-11,2025-02-16,Yes
INV001019,9,87.1,343.0,2024-01-05,2025-12-02,Yes
INV001021,7,68.3,125.0,2024-01-10,2025-02-23,Yes
INV001023,8,72.4,231.0,2024-01-01,2025-05-22,Yes
INV001025,6,38.8,85.0,2024-07-19,2025-01-29,Yes
INV001026,6,57.8,114.0,2024-04-02,2025-01-16,Yes
INV001037,10,65.0,244.0,2024-02-26,2025-10-03,Yes
INV001039,6,96.6,151.0,2024-03-07,2025-07-03,Yes
INV001041,7,83.0,202.0,2024-01-01,2025-05-13,Yes
INV001047,7,66.2,140.0,2024-04-24,2025-05-26,Yes
INV001048,8,84.7,280.0,2024-03-19,2025-11-02,Yes
INV001051,8,73.3,257.0,2024-01-06,2025-06-02,Yes
INV001053,8,55.9,86.0,2024-02-18,2025-03-15,Yes
INV001055,6,93.2,188.0,2024-01-14,2025-04-24,Yes
INV001060,9,70.0,184.0,2024-01-19,2025-08-01,Yes
INV001061,9,66.4,159.0,2024-02-19,2025-08-03,Yes
INV001063,8,44.6,69.0,2024-02-08,2024-12-16,Yes
INV001064,9,57.8,133.0,2024-01-23,2025-04-29,Yes
INV001069,8,86.3,198.0,2024-02-06,2025-10-02,Yes
INV001070,6,130.8,339.0,2024-01-19,2025-11-03,Yes
INV001092,7,69.2,106.0,2024-03-24,2025-05-13,Yes
INV001099,8,37.4,97.0,2024-05-10,2025-01-27,Yes
INV001102,7,63.5,145.0,2024-02-14,2025-03-01,Yes
INV001115,6,89.2,146.0,2024-04-13,2025-07-03,Yes
INV001116,9,63.2,173.0,2024-01-07,2025-05-27,Yes
INV001117,8,61.7,137.0,2024-02-23,2025-04-30,Yes
INV001130,7,69.0,152.0,2024-03-26,2025-05-14,Yes
INV001137,7,79.5,230.0,2024-01-11,2025-05-02,Yes
INV001140,6,138.6,280.0,2024-01-09,2025-12-02,Yes
INV001141,6,97.6,188.0,2024-01-27,2025-05-29,Yes
INV001142,7,100.8,266.0,2024-01-05,2025-09-01,Yes
INV001156,6,128.2,174.0,2024-02-01,2025-11-03,Yes
INV001160,8,87.0,247.0,2024-02-04,2025-10-05,Yes
INV001161,6,69.2,142.0,2024-01-23,2025-01-03,Yes
INV001163,7,112.0,312.0,2024-01-30,2025-12-02,Yes
INV001167,6,84.6,207.0,2024-03-01,2025-04-28,Yes
INV001170,6,97.2,234.0,2024-03-03,2025-07-02,Yes
INV001173,6,82.4,246.0,2024-03-12,2025-04-28,Yes
INV001178,7,79.7,126.0,2024-01-31,2025-05-23,Yes
INV001180,6,86.2,198.0,2024-03-30,2025-06-04,Yes
INV001181,8,64.3,130.0,2024-03-05,2025-05-29,Yes
INV001190,6,84.6,243.0,2024-01-07,2025-03-05,Yes
INV001195,8,62.9,180.0,2024-01-10,2025-03-25,Yes
INV001196,6,139.2,217.0,2024-01-07,2025-12-03,Yes
INV001202,8,98.7,196.0,2024-01-11,2025-12-02,Yes
INV001206,6,84.6,220.0,2024-05-04,2025-07-01,Yes
INV001208,7,104.7,317.0,2024-03-13,2025-12-01,Yes
INV001210,9,43.8,184.0,2024-01-09,2024-12-24,Yes
INV001217,8,62.9,234.0,2024-02-10,2025-04-25,Yes
INV001219,8,46.6,86.0,2024-04-03,2025-02-23,Yes
INV001220,7,66.2,204.0,2024-03-14,2025-04-15,Yes
INV001223,7,70.8,186.0,2024-01-27,2025-03-27,Yes
INV001234,8,66.0,180.0,2024-01-27,2025-05-03,Yes
INV001235,9,83.5,199.0,2024-02-06,2025-12-05,Yes
INV001237,6,98.0,166.0,2024-01-18,2025-05-22,Yes
INV001238,7,103.0,313.0,2024-03-27,2025-12-05,Yes
INV001242,6,77.6,136.0,2024-01-10,2025-02-01,Yes
INV001251,6,75.2,189.0,2024-09-21,2025-10-02,Yes
INV001262,7,65.0,96.0,2024-06-07,2025-07-02,Yes
INV001274,7,78.3,215.0,2024-03-18,2025-07-01,Yes
INV001275,7,43.3,83.0,2024-06-30,2025-03-17,Yes
INV001282,6,88.6,236.0,2024-06-18,2025-09-04,Yes
INV001287,6,45.0,76.0,2024-09-01,2025-04-14,Yes
INV001288,7,68.7,205.0,2024-05-15,2025-07-01,Yes
INV001291,6,123.4,268.0,2024-03-27,2025-12-04,Yes
INV001295,9,57.0,108.0,2024-03-03,2025-06-02,Yes
INV001298,7,79.7,177.0,2024-03-14,2025-07-05,Yes
INV001299,9,77.1,154.0,2024-02-26,2025-11-04,Yes
INV001304,6,100.2,237.0,2024-03-22,2025-08-05,Yes
INV001308,9,76.8,155.0,2024-01-29,2025-10-04,Yes
INV001310,6,115.6,232.0,2024-03-02,2025-10-01,Yes
INV001314,10,51.0,130.0,2024-03-02,2025-06-04,Yes
INV001315,7,47.3,134.0,2024-03-07,2024-12-16,Yes
INV001316,6,116.4,405.0,2024-05-02,2025-12-05,Yes
INV001317,6,84.8,271.0,2024-01-24,2025-03-23,Yes
INV001318,10,47.9,125.0,2024-01-27,2025-04-02,Yes
INV001326,8,95.0,230.0,2024-01-10,2025-11-05,Yes
INV001329,6,68.2,97.0,2024-03-22,2025-02-26,Yes
INV001331,6,93.6,230.0,2024-01-07,2025-04-19,Yes
INV001332,7,107.2,191.0,2024-03-02,2025-12-05,Yes
INV001333,7,112.3,224.0,2024-01-30,2025-12-04,Yes
INV001336,8,50.0,98.0,2024-05-31,2025-05-16,Yes
INV001348,7,58.2,180.0,2024-01-05,2024-12-19,Yes
INV001351,7,70.5,208.0,2024-01-26,2025-03-24,Yes
INV001355,6,78.0,167.0,2024-03-06,2025-03-31,Yes
INV001356,6,73.2,150.0,2024-05-03,2025-05-04,Yes
INV001359,7,92.3,166.0,2024-04-29,2025-11-04,Yes
INV001361,7,50.5,103.0,2024-01-28,2024-11-26,Yes
INV001367,6,140.6,222.0,2024-01-02,2025-12-05,Yes
INV001375,7,95.0,216.0,2024-03-13,2025-10-04,Yes
INV001376,7,99.7,242.0,2024-01-15,2025-09-04,Yes
INV001383,8,79.3,162.0,2024-02-26,2025-09-03,Yes
INV001387,9,57.4,145.0,2024-01-02,2025-04-05,Yes
INV001394,8,46.9,122.0,2024-06-02,2025-04-26,Yes
INV001400,6,76.8,266.0,2024-01-01,2025-01-19,Yes
INV001401,6,76.6,238.0,2024-03-06,2025-03-24,Yes
INV001406,10,41.2,138.0,2024-05-09,2025-05-15,Yes
INV001407,6,17.0,32.0,2024-05-28,2024-08-21,No
INV001415,8,80.9,189.0,2024-01-17,2025-08-05,Yes
INV001418,6,88.6,134.0,2024-01-31,2025-04-18,Yes
INV001419,6,78.8,195.0,2024-02-15,2025-03-15,Yes
INV001423,8,73.9,123.0,2024-03-02,2025-08-01,Yes
INV001428,6,79.4,174.0,2024-04-17,2025-05-19,Yes
INV001432,6,90.2,168.0,2024-02-06,2025-05-02,Yes
INV001434,6,61.2,178.0,2024-07-15,2025-05-17,Yes
INV001442,9,57.1,238.0,2024-02-21,2025-05-23,Yes
INV001454,7,72.2,176.0,2024-01-08,2025-03-16,Yes
INV001455,8,72.4,168.0,2024-04-13,2025-09-02,Yes
INV001457,6,43.8,63.0,2024-01-21,2024-08-27,Yes
INV001458,7,64.8,128.0,2024-01-02,2025-01-25,Yes
INV001466,6,28.2,70.0,2024-02-25,2024-07-15,Yes
INV001472,6,91.4,251.0,2024-05-02,2025-08-02,Yes
INV001482,6,67.8,191.0,2024-06-13,2025-05-18,Yes
INV001485,9,53.9,87.0,2024-02-14,2025-04-20,Yes
INV001491,6,91.2,261.0,2024-02-14,2025-05-15,Yes
INV001497,9,63.0,165.0,2024-01-01,2025-05-19,Yes
INV001504,9,54.2,104.0,2024-03-21,2025-05-29,Yes
INV001507,6,109.8,276.0,2024-01-02,2025-07-04,Yes
INV001510,7,86.5,124.0,2024-05-03,2025-10-04,Yes
INV001514,7,61.3,108.0,2024-02-27,2025-03-01,Yes
INV001516,6,133.4,253.0,2024-01-08,2025-11-05,Yes
INV001526,6,58.8,134.0,2024-02-17,2024-12-07,Yes
INV001530,7,79.0,258.0,2024-01-14,2025-05-02,Yes
INV001532,7,105.0,359.0,2024-02-11,2025-11-02,Yes
INV001536,7,67.3,189.0,2024-01-14,2025-02-21,Yes
INV001545,6,104.6,237.0,2024-01-29,2025-07-05,Yes
INV001547,7,77.2,243.0,2024-02-28,2025-06-05,Yes
INV001548,6,95.2,206.0,2024-01-07,2025-04-27,Yes
INV001550,7,84.0,191.0,2024-01-02,2025-05-20,Yes
INV001551,6,103.0,249.0,2024-01-07,2025-06-05,Yes
INV001562,10,64.2,196.0,2024-01-03,2025-08-03,Yes
INV001564,8,66.0,191.0,2024-01-11,2025-04-17,Yes
INV001569,6,83.4,139.0,2024-03-03,2025-04-24,Yes
INV001579,7,68.0,105.0,2024-02-15,2025-03-29,Yes
INV001580,7,45.7,101.0,2024-07-23,2025-04-23,Yes
INV001585,6,56.4,120.0,2024-04-13,2025-01-20,Yes
INV001587,7,58.3,144.0,2024-05-20,2025-05-05,Yes
INV001597,7,89.0,198.0,2024-06-19,2025-12-05,Yes
INV001599,6,58.6,162.0,2024-01-11,2024-10-30,Yes
INV001602,6,85.4,293.0,2024-02-18,2025-04-20,Yes
INV001603,7,45.0,93.0,2024-04-03,2024-12-29,Yes
INV001605,8,79.6,166.0,2024-05-23,2025-12-01,Yes
INV001606,7,75.2,149.0,2024-05-08,2025-08-02,Yes
INV001616,9,53.0,143.0,2024-01-29,2025-03-28,Yes
INV001623,6,123.2,272.0,2024-01-27,2025-10-04,Yes
INV001625,6,118.8,280.0,2024-02-16,2025-10-02,Yes
INV001628,8,69.3,164.0,2024-05-06,2025-09-03,Yes
INV001629,7,77.3,108.0,2024-03-28,2025-07-05,Yes
INV001631,6,80.6,155.0,2024-03-08,2025-04-15,Yes
INV001636,9,70.1,244.0,2024-03-19,2025-10-01,Yes
INV001641,6,94.2,255.0,2024-01-19,2025-05-04,Yes
INV001644,6,71.4,89.0,2024-04-05,2025-03-28,Yes
INV001645,6,68.6,228.0,2024-03-10,2025-02-16,Yes
INV001649,10,41.0,120.0,2024-05-13,2025-05-17,Yes
INV001651,7,74.8,128.0,2024-01-28,2025-04-21,Yes
INV001653,6,55.2,94.0,2024-02-18,2024-11-20,Yes
INV001654,7,108.8,317.0,2024-02-17,2025-12-01,Yes
INV001656,8,93.6,246.0,2024-02-18,2025-12-04,Yes
INV001662,6,60.2,147.0,2024-01-22,2024-11-18,Yes
INV001672,9,40.9,107.0,2024-02-04,2024-12-27,Yes
INV001673,11,46.6,105.0,2024-02-07,2025-05-18,Yes
INV001680,9,77.8,174.0,2024-01-19,2025-10-02,Yes
INV001683,7,82.7,157.0,2024-01-07,2025-05-17,Yes
INV001689,6,83.6,143.0,2024-03-25,2025-05-17,Yes
INV001690,7,84.5,219.0,2024-01-14,2025-06-04,Yes
INV001691,6,82.0,254.0,2024-03-15,2025-04-29,Yes
INV001694,8,66.1,144.0,2024-02-05,2025-05-13,Yes
INV001697,9,64.9,165.0,2024-06-02,2025-11-03,Yes
INV001699,6,82.4,224.0,2024-01-06,2025-02-21,Yes
INV001709,6,54.8,159.0,2024-03-07,2024-12-06,Yes
INV001711,7,105.2,376.0,2024-03-13,2025-12-04,Yes
INV001712,6,66.6,144.0,2024-03-29,2025-02-25,Yes
INV001715,8,68.3,188.0,2024-01-31,2025-05-23,Yes
INV001718,6,70.8,119.0,2024-04-15,2025-04-04,Yes
INV001724,7,104.2,244.0,2024-02-18,2025-11-04,Yes
INV001728,8,58.7,123.0,2024-01-15,2025-03-01,Yes
INV001737,7,43.5,131.0,2024-04-28,2025-01-14,Yes
INV001738,9,80.8,225.0,2024-02-24,2025-12-01,Yes
INV001739,9,52.5,127.0,2024-02-28,2025-04-23,Yes
INV001741,6,95.4,260.0,2024-02-14,2025-06-05,Yes
INV001744,7,66.0,164.0,2024-03-26,2025-04-26,Yes
INV001752,7,97.3,170.0,2024-02-25,2025-10-01,Yes
INV001753,11,57.2,227.0,2024-02-11,2025-09-05,Yes
INV001757,8,68.1,174.0,2024-01-04,2025-04-25,Yes
INV001759,10,60.0,185.0,2024-02-12,2025-08-05,Yes
INV001769,6,139.0,172.0,2024-01-06,2025-12-01,Yes
INV001772,6,124.6,307.0,2024-01-21,2025-10-05,Yes
INV001775,8,55.3,156.0,2024-06-12,2025-07-04,Yes
INV001777,9,60.0,144.0,2024-01-07,2025-05-01,Yes
INV001778,8,58.3,121.0,2024-03-21,2025-05-03,Yes
INV001797,7,85.3,332.0,2024-02-09,2025-07-05,Yes
INV001800,7,43.7,95.0,2024-01-15,2024-10-03,Yes
INV001802,7,86.0,174.0,2024-02-05,2025-07-05,Yes
INV001803,6,93.2,136.0,2024-05-25,2025-09-03,Yes
INV001804,8,52.9,126.0,2024-02-27,2025-03-03,Yes
INV001806,8,58.6,120.0,2024-01-14,2025-02-27,Yes
INV001809,6,95.6,143.0,2024-01-21,2025-05-13,Yes
INV001811,9,86.9,225.0,2024-01-10,2025-12-05,Yes
INV001822,6,34.4,73.0,2024-03-16,2024-09-04,Yes
INV001823,8,85.9,283.0,2024-01-10,2025-09-02,Yes
INV001826,6,31.0,44.0,2024-02-07,2024-07-11,Yes
INV001828,8,44.4,91.0,2024-01-23,2024-11-29,Yes
INV001831,6,67.4,160.0,2024-03-03,2025-02-03,Yes
INV001837,7,99.5,254.0,2024-03-15,2025-11-02,Yes
INV001841,6,56.2,129.0,2024-06-21,2025-03-29,Yes
INV001853,8,54.0,95.0,2024-01-05,2025-01-17,Yes
INV001858,8,54.1,235.0,2024-04-20,2025-05-04,Yes
INV001865,7,49.2,139.0,2024-04-06,2025-01-26,Yes
INV001866,6,58.8,88.0,2024-02-27,2024-12-17,Yes
INV001870,7,106.2,180.0,2024-03-04,2025-12-01,Yes
INV001871,7,55.0,93.0,2024-01-26,2024-12-21,Yes
INV001883,6,99.2,208.0,2024-01-16,2025-05-26,Yes
INV001885,6,59.4,109.0,2024-05-03,2025-02-24,Yes
INV001886,9,58.9,121.0,2024-01-12,2025-04-27,Yes
INV001890,6,103.2,237.0,2024-02-01,2025-07-01,Yes
INV001891,6,90.8,233.0,2024-03-02,2025-05-30,Yes
INV001909,8,52.4,121.0,2024-02-21,2025-02-22,Yes
INV001912,6,87.6,170.0,2024-01-10,2025-03-23,Yes
INV001920,7,90.0,282.0,2024-02-09,2025-08-02,Yes
INV001921,8,92.0,225.0,2024-01-28,2025-11-02,Yes
INV001923,7,62.3,90.0,2024-03-27,2025-04-05,Yes
INV001924,7,34.7,68.0,2024-06-01,2024-12-26,Yes
INV001927,6,112.0,306.0,2024-05-22,2025-12-03,Yes
INV001929,6,75.8,242.0,2024-05-09,2025-05-23,Yes
INV001937,8,69.9,290.0,2024-03-30,2025-08-01,Yes
INV001938,9,40.6,101.0,2024-04-22,2025-03-13,Yes
INV001943,6,85.0,171.0,2024-02-03,2025-04-03,Yes
INV001950,7,60.2,147.0,2024-05-24,2025-05-20,Yes
INV001951,7,67.0,298.0,2024-04-26,2025-06-02,Yes
INV001954,6,84.4,144.0,2024-02-18,2025-04-15,Yes
INV001955,6,94.4,175.0,2024-02-15,2025-06-01,Yes
INV001961,6,70.0,204.0,2024-03-14,2025-02-27,Yes
INV001969,6,79.2,163.0,2024-01-15,2025-02-14,Yes
INV001971,8,76.0,158.0,2024-04-20,2025-10-04,Yes
INV001972,8,41.0,141.0,2024-01-14,2024-10-27,Yes
INV001978,6,83.8,216.0,2024-02-11,2025-04-05,Yes
INV001979,6,74.0,209.0,2024-07-28,2025-08-02,Yes
INV001982,6,88.6,231.0,2024-03-18,2025-06-04,Yes
INV001986,7,100.8,201.0,2024-03-07,2025-11-02,Yes
INV001987,7,65.5,241.0,2024-04-17,2025-05-15,Yes
INV001990,8,67.3,139.0,2024-06-17,2025-10-01,Yes
INV001993,6,65.2,121.0,2024-01-03,2024-11-24,Yes
INV001995,6,53.2,94.0,2024-02-18,2024-11-10,Yes
INV001997,6,88.0,116.0,2024-01-07,2025-03-22,Yes
INV002001,6,84.8,335.0,2024-03-17,2025-05-15,Yes
INV002006,6,73.6,199.0,2024-03-19,2025-03-22,Yes
INV002010,6,69.6,149.0,2024-02-05,2025-01-18,Yes
INV002017,7,44.7,99.0,2024-04-23,2025-01-16,Yes
INV002018,6,83.2,155.0,2024-03-12,2025-05-02,Yes
INV002019,6,133.6,205.0,2024-02-06,2025-12-05,Yes
INV002025,7,55.8,115.0,2024-05-24,2025-04-24,Yes
INV002033,7,40.3,123.0,2024-04-01,2024-11-29,Yes
INV002034,8,63.1,120.0,2024-01-15,2025-04-01,Yes
INV002037,6,27.2,61.0,2024-04-03,2024-08-17,Yes
INV002038,6,131.4,320.0,2024-01-16,2025-11-03,Yes
INV002051,6,78.6,160.0,2024-03-30,2025-04-27,Yes
INV002052,7,40.8,94.0,2024-02-28,2024-10-30,Yes
INV002069,10,70.6,279.0,2024-03-08,2025-12-03,Yes
INV002070,7,97.5,325.0,2024-04-29,2025-12-05,Yes
INV002083,10,54.2,159.0,2024-01-11,2025-05-13,Yes
INV002085,6,116.0,255.0,2024-02-29,2025-10-01,Yes
INV002090,6,68.8,181.0,2024-07-26,2025-07-05,Yes
INV002092,7,50.8,103.0,2024-02-07,2024-12-08,Yes
INV002101,6,54.6,129.0,2024-09-01,2025-06-01,Yes
INV002102,6,44.8,75.0,2024-06-16,2025-01-26,Yes
INV002107,8,69.3,197.0,2024-01-22,2025-05-21,Yes
INV002111,8,66.6,124.0,2024-01-24,2025-05-04,Yes
INV002119,6,78.0,195.0,2024-03-29,2025-04-23,Yes
INV002121,7,78.2,243.0,2024-02-07,2025-05-21,Yes
INV002122,7,89.7,168.0,2024-04-11,2025-10-01,Yes
INV002127,6,60.2,108.0,2024-05-18,2025-03-15,Yes
INV002134,7,82.7,180.0,2024-01-20,2025-05-30,Yes
INV002138,6,95.8,199.0,2024-01-02,2025-04-25,Yes
INV002142,9,60.1,212.0,2024-01-05,2025-04-30,Yes
INV002143,8,63.6,105.0,2024-01-15,2025-04-04,Yes
INV002149,8,82.3,221.0,2024-03-05,2025-10-02,Yes
INV002150,6,73.6,216.0,2024-03-14,2025-03-17,Yes
INV002151,9,60.4,201.0,2024-01-16,2025-05-13,Yes
INV002153,7,86.0,234.0,2024-01-05,2025-06-04,Yes
INV002154,6,89.4,175.0,2024-01-26,2025-04-17,Yes
INV002155,6,89.6,190.0,2024-02-04,2025-04-27,Yes
INV002157,7,63.5,154.0,2024-01-04,2025-01-19,Yes
INV002159,6,114.8,161.0,2024-02-09,2025-09-05,Yes
INV002162,9,53.4,228.0,2024-04-02,2025-06-03,Yes
INV002166,6,134.8,538.0,2024-01-01,2025-11-05,Yes
INV002171,7,68.8,266.0,2024-04-15,2025-06-02,Yes
INV002177,7,73.0,330.0,2024-03-16,2025-05-28,Yes
INV002178,8,71.4,166.0,2024-01-06,2025-05-20,Yes
INV002179,8,46.3,144.0,2024-04-05,2025-02-23,Yes
INV002182,7,72.7,148.0,2024-02-06,2025-04-17,Yes
INV002185,6,55.4,92.0,2024-02-10,2024-11-13,Yes
INV002186,7,60.3,145.0,2024-05-02,2025-04-29,Yes
INV002187,7,81.0,220.0,2024-02-04,2025-06-04,Yes
INV002195,9,45.4,98.0,2024-05-03,2025-05-01,Yes
INV002196,8,95.9,277.0,2024-02-01,2025-12-03,Yes
INV002198,9,59.1,160.0,2024-06-18,2025-10-04,Yes
INV002199,7,50.8,94.0,2024-02-14,2024-12-15,Yes
INV002202,8,70.4,276.0,2024-01-13,2025-05-20,Yes
INV002206,7,57.3,78.0,2024-01-03,2024-12-12,Yes
INV002208,7,66.3,142.0,2024-01-31,2025-03-04,Yes
INV002211,7,63.8,107.0,2024-03-28,2025-04-15,Yes
INV002216,8,78.4,172.0,2024-01-03,2025-07-05,Yes
INV002218,6,79.6,180.0,2024-03-31,2025-05-03,Yes
INV002219,8,89.7,173.0,2024-02-12,2025-11-01,Yes
INV002228,6,62.6,193.0,2024-02-24,2025-01-02,Yes
INV002229,6,94.2,226.0,2024-04-19,2025-08-03,Yes
INV002230,8,57.6,162.0,2024-03-18,2025-04-25,Yes
INV002232,7,94.0,218.0,2024-03-17,2025-10-02,Yes
INV002236,7,71.7,119.0,2024-01-16,2025-03-21,Yes
INV002237,7,72.8,146.0,2024-01-11,2025-03-23,Yes
INV002240,7,77.8,266.0,2024-02-02,2025-05-14,Yes
INV002241,7,65.7,124.0,2024-04-19,2025-05-18,Yes
INV002251,6,60.0,157.0,2024-06-24,2025-04-20,Yes
INV002256,6,77.2,204.0,2024-01-06,2025-01-26,Yes
INV002259,7,45.3,89.0,2024-04-27,2025-01-24,Yes
INV002260,6,77.8,207.0,2024-01-25,2025-02-17,Yes
INV002265,7,83.0,244.0,2024-01-09,2025-05-21,Yes
INV002277,7,64.2,126.0,2024-03-24,2025-04-13,Yes
INV002280,7,71.7,182.0,2024-03-15,2025-05-19,Yes
INV002282,6,70.6,103.0,2024-02-05,2025-01-23,Yes
INV002284,6,91.4,288.0,2024-01-12,2025-04-13,Yes
INV002290,6,58.8,171.0,2024-04-28,2025-02-16,Yes
INV002294,8,82.4,218.0,2024-01-04,2025-08-03,Yes
INV002295,7,46.0,147.0,2024-05-31,2025-03-03,Yes
INV002298,6,45.4,110.0,2024-06-11,2025-01-24,Yes
INV002304,10,42.6,86.0,2024-03-28,2025-04-15,Yes
INV002315,7,86.5,174.0,2024-01-03,2025-06-05,Yes
INV002319,7,60.0,145.0,2024-01-19,2025-01-13,Yes
INV002322,6,127.4,277.0,2024-01-06,2025-10-04,Yes
INV002327,6,135.0,245.0,2024-01-27,2025-12-02,Yes
INV002329,7,36.3,69.0,2024-05-09,2024-12-13,Yes
INV002342,6,109.0,212.0,2024-02-05,2025-08-03,Yes
INV002343,9,76.2,224.0,2024-02-02,2025-10-04,Yes
INV002347,9,56.6,156.0,2024-07-07,2025-10-03,Yes
INV002348,6,99.0,274.0,2024-01-07,2025-05-16,Yes
INV002349,6,70.2,161.0,2024-01-09,2024-12-25,Yes
INV002351,6,71.2,115.0,2024-03-13,2025-03-04,Yes
INV002357,7,58.7,136.0,2024-03-01,2025-02-16,Yes
INV002360,9,52.4,129.0,2024-04-04,2025-05-28,Yes
INV002361,6,53.0,114.0,2024-02-19,2024-11-10,Yes
INV002367,7,63.5,137.0,2024-03-06,2025-03-22,Yes
INV002368,7,71.0,187.0,2024-06-04,2025-08-04,Yes
INV002369,6,71.6,163.0,2024-02-04,2025-01-27,Yes
INV002370,7,94.3,182.0,2024-04-16,2025-11-03,Yes
INV002372,6,95.2,206.0,2024-01-26,2025-05-16,Yes
INV002373,8,70.1,149.0,2024-01-19,2025-05-24,Yes
INV002374,6,32.6,79.0,2024-10-21,2025-04-02,Yes
INV002384,10,42.4,92.0,2024-05-06,2025-05-23,Yes
INV002388,6,74.6,291.0,2024-11-27,2025-12-05,Yes
INV002389,10,56.2,185.0,2024-03-17,2025-08-05,Yes
INV002390,6,50.2,127.0,2024-02-05,2024-10-13,Yes
INV002391,6,57.0,124.0,2024-02-11,2024-11-22,Yes
INV002395,6,97.0,350.0,2024-01-17,2025-05-16,Yes
INV002400,9,55.6,99.0,2024-01-02,2025-03-22,Yes
INV002401,8,38.3,125.0,2024-04-10,2025-01-03,Yes
INV002402,7,83.5,218.0,2024-01-12,2025-05-27,Yes
INV002407,7,82.0,200.0,2024-01-10,2025-05-16,Yes
INV002409,8,59.7,155.0,2024-04-05,2025-05-28,Yes
INV002413,8,75.4,189.0,2024-05-24,2025-11-03,Yes
INV002415,8,77.0,137.0,2024-03-14,2025-09-04,Yes
INV002417,7,73.7,188.0,2024-03-01,2025-05-17,Yes
INV002418,6,74.4,214.0,2024-01-30,2025-02-05,Yes
INV002420,6,72.8,107.0,2024-01-15,2025-01-13,Yes
INV002422,10,58.1,139.0,2024-01-25,2025-07-01,Yes
INV002429,6,78.6,195.0,2024-02-16,2025-03-15,Yes
INV002434,6,102.4,329.0,2024-01-08,2025-06-03,Yes
INV002437,7,65.0,212.0,2024-02-06,2025-03-02,Yes
INV002445,8,45.3,131.0,2024-01-05,2024-11-17,Yes
INV002453,7,63.0,129.0,2024-03-14,2025-03-27,Yes
INV002458,6,93.8,289.0,2024-04-20,2025-08-02,Yes
INV002459,8,49.7,122.0,2024-03-02,2025-02-13,Yes
INV002463,6,92.0,175.0,2024-07-02,2025-10-05,Yes
INV002464,6,45.0,108.0,2024-01-04,2024-08-16,Yes
INV002466,7,80.7,270.0,2024-01-30,2025-05-28,Yes
INV002467,8,46.7,90.0,2024-01-10,2024-12-02,Yes
INV002471,6,50.8,106.0,2024-02-04,2024-10-15,Yes
INV002475,10,40.9,119.0,2024-05-24,2025-05-27,Yes
INV002476,6,88.8,264.0,2024-01-05,2025-03-24,Yes
INV002485,6,132.0,465.0,2024-02-12,2025-12-03,Yes
INV002490,8,54.3,125.0,2024-04-28,2025-05-13,Yes
INV002495,6,64.6,109.0,2024-04-01,2025-02-18,Yes
INV002496,6,64.4,112.0,2024-06-09,2025-04-27,Yes
INV002497,8,67.3,152.0,2024-01-13,2025-04-28,Yes
INV002508,9,79.1,179.0,2024-02-08,2025-11-02,Yes
INV002509,10,29.3,63.0,2024-03-09,2024-11-28,Yes
INV002510,7,88.8,178.0,2024-01-15,2025-07-01,Yes
INV002521,6,74.6,246.0,2024-04-27,2025-05-05,Yes
INV002527,7,49.7,93.0,2024-01-18,2024-11-11,Yes
INV002530,8,80.9,215.0,2024-02-14,2025-09-02,Yes
INV002531,7,76.5,196.0,2024-01-02,2025-04-05,Yes
INV002543,7,67.3,144.0,2024-03-20,2025-04-28,Yes
INV002547,6,120.8,238.0,2024-03-08,2025-11-02,Yes
INV002552,10,43.4,169.0,2024-02-22,2025-03-19,Yes
INV002554,7,48.2,156.0,2024-01-13,2024-10-28,Yes
INV002555,7,81.8,220.0,2024-01-30,2025-06-04,Yes
INV002557,7,77.0,264.0,2024-03-30,2025-07-05,Yes
INV002558,6,97.6,247.0,2024-01-23,2025-05-25,Yes
INV002560,6,94.6,155.0,2024-01-05,2025-04-22,Yes
INV002563,6,65.8,114.0,2024-01-27,2024-12-21,Yes
INV002567,6,71.4,127.0,2024-02-27,2025-02-18,Yes
INV002568,8,74.0,144.0,2024-02-03,2025-07-05,Yes
INV002570,7,68.8,204.0,2024-02-14,2025-04-02,Yes
INV002572,8,79.6,167.0,2024-04-24,2025-11-02,Yes
INV002574,6,79.4,139.0,2024-01-31,2025-03-03,Yes
INV002575,9,82.0,345.0,2024-02-18,2025-12-05,Yes
INV002579,6,58.6,121.0,2024-08-14,2025-06-03,Yes
INV002582,6,97.0,203.0,2024-01-02,2025-05-01,Yes
INV002585,6,65.0,201.0,2024-03-29,2025-02-17,Yes
INV002586,6,113.6,168.0,2024-03-13,2025-10-02,Yes
INV002590,10,61.4,125.0,2024-01-28,2025-08-03,Yes
INV002591,6,114.0,316.0,2024-05-11,2025-12-02,Yes
INV002594,6,90.8,244.0,2024-02-23,2025-05-22,Yes
INV002598,9,68.1,267.0,2024-01-06,2025-07-04,Yes
INV002602,8,59.9,194.0,2024-07-09,2025-09-01,Yes
INV002606,6,109.8,344.0,2024-02-03,2025-08-05,Yes
INV002613,8,70.1,170.0,2024-01-11,2025-05-16,Yes
INV002622,7,75.3,193.0,2024-01-29,2025-04-25,Yes
INV002627,6,85.0,110.0,2024-03-23,2025-05-22,Yes
INV002628,6,83.0,352.0,2024-01-02,2025-02-20,Yes
INV002632,8,65.6,146.0,2024-01-26,2025-04-29,Yes
INV002640,7,70.0,192.0,2024-01-29,2025-03-24,Yes
INV002643,6,104.4,393.0,2024-02-27,2025-08-02,Yes
INV002645,7,45.2,133.0,2024-03-16,2024-12-12,Yes
INV002654,8,52.3,185.0,2024-04-12,2025-04-13,Yes
INV002659,7,104.0,250.0,2024-03-17,2025-12-01,Yes
INV002666,7,53.2,106.0,2024-06-06,2025-04-21,Yes
INV002671,7,75.3,184.0,2024-02-21,2025-05-18,Yes
INV002673,8,65.0,147.0,2024-02-21,2025-05-21,Yes
INV002674,6,113.0,286.0,2024-05-16,2025-12-02,Yes
INV002675,8,77.3,158.0,2024-04-09,2025-10-02,Yes
INV002681,7,104.5,291.0,2024-01-13,2025-10-01,Yes
INV002684,6,98.4,180.0,2024-01-28,2025-06-03,Yes
INV002688,9,54.1,137.0,2024-02-09,2025-04-17,Yes
INV002689,8,49.4,149.0,2024-03-14,2025-02-23,Yes
INV002693,7,89.7,197.0,2024-02-12,2025-08-03,Yes
INV002697,7,56.7,142.0,2024-01-12,2024-12-17,Yes
INV002700,7,54.7,137.0,2024-04-11,2025-03-05,Yes
INV002704,8,73.7,183.0,2024-02-05,2025-07-05,Yes
INV002705,8,38.6,77.0,2024-02-08,2024-11-04,Yes
INV002706,6,86.8,133.0,2024-03-26,2025-06-03,Yes
INV002711,8,65.6,260.0,2024-01-26,2025-04-29,Yes
INV002712,11,69.4,203.0,2024-01-07,2025-12-01,Yes
INV002722,6,103.0,385.0,2024-06-07,2025-11-04,Yes
INV002723,9,53.6,127.0,2024-07-31,2025-10-03,Yes
INV002724,6,82.6,187.0,2024-02-15,2025-04-03,Yes
INV002726,8,51.4,114.0,2024-03-10,2025-03-05,Yes
INV002732,8,87.0,160.0,2024-01-05,2025-09-05,Yes
INV002733,8,85.9,151.0,2024-02-12,2025-10-05,Yes
INV002735,7,73.2,179.0,2024-03-23,2025-06-05,Yes
INV002736,6,88.0,191.0,2024-01-17,2025-04-01,Yes
INV002737,8,79.1,145.0,2024-03-30,2025-10-05,Yes
INV002743,6,95.6,190.0,2024-03-14,2025-07-05,Yes
INV002744,10,71.2,180.0,2024-01-31,2025-11-02,Yes
INV002746,8,63.9,133.0,2024-01-14,2025-04-05,Yes
INV002750,6,82.4,192.0,2024-03-17,2025-05-03,Yes
INV002751,7,53.0,131.0,2024-03-07,2025-01-19,Yes
INV002758,6,81.0,263.0,2024-03-17,2025-04-26,Yes
INV002761,6,133.8,230.0,2024-01-03,2025-11-02,Yes
INV002766,6,120.6,151.0,2024-01-11,2025-09-05,Yes
INV002767,7,89.8,244.0,2024-06-14,2025-12-05,Yes
INV002769,7,83.8,234.0,2024-01-12,2025-05-29,Yes
INV002772,7,73.0,121.0,2024-01-18,2025-03-31,Yes
INV002779,6,99.8,247.0,2024-06-24,2025-11-05,Yes
INV002783,7,73.8,195.0,2024-03-07,2025-05-24,Yes
INV002786,7,59.5,200.0,2024-05-09,2025-05-01,Yes
INV002793,7,59.3,125.0,2024-05-30,2025-05-21,Yes
INV002794,7,57.2,158.0,2024-02-06,2025-01-14,Yes
INV002799,6,70.8,96.0,2024-01-27,2025-01-15,Yes
INV002800,7,50.2,79.0,2024-05-31,2025-03-28,Yes
INV002803,7,104.3,413.0,2024-02-16,2025-11-03,Yes
INV002804,8,75.3,161.0,2024-03-27,2025-09-05,Yes
INV002808,7,64.5,144.0,2024-04-05,2025-04-27,Yes
INV002809,6,75.6,276.0,2024-03-23,2025-04-05,Yes
INV002810,8,72.3,152.0,2024-02-12,2025-07-02,Yes
INV002813,7,57.3,149.0,2024-03-11,2025-02-18,Yes
INV002822,7,95.5,158.0,2024-02-07,2025-09-02,Yes
INV002824,7,107.5,223.0,2024-02-25,2025-12-01,Yes
INV002826,6,61.6,91.0,2024-01-20,2024-11-23,Yes
INV002827,6,73.6,141.0,2024-02-15,2025-02-17,Yes
INV002828,6,80.0,140.0,2024-02-22,2025-03-28,Yes
INV002831,6,68.0,173.0,2024-01-10,2024-12-15,Yes
INV002835,7,61.0,121.0,2024-06-01,2025-06-02,Yes
INV002838,8,74.6,125.0,2024-03-28,2025-09-01,Yes
INV002841,6,90.2,234.0,2024-09-09,2025-12-04,Yes
INV002843,8,72.9,204.0,2024-07-10,2025-12-02,Yes
INV002847,10,46.2,68.0,2024-03-01,2025-04-21,Yes
INV002850,7,53.2,86.0,2024-04-13,2025-02-26,Yes
INV002852,6,73.6,196.0,2024-03-20,2025-03-23,Yes
INV002859,7,76.5,119.0,2024-02-15,2025-05-19,Yes
INV002863,6,74.4,121.0,2024-01-15,2025-01-21,Yes
INV002865,6,37.2,84.0,2024-04-21,2024-10-24,Yes
INV002870,6,50.4,120.0,2024-01-07,2024-09-15,Yes
INV002872,6,85.6,325.0,2024-03-19,2025-05-21,Yes
INV002873,6,98.2,235.0,2024-01-18,2025-05-23,Yes
INV002879,7,78.8,323.0,2024-02-09,2025-05-27,Yes
INV002881,6,50.0,121.0,2024-04-05,2024-12-11,Yes
INV002883,6,137.4,383.0,2024-01-18,2025-12-05,Yes
INV002886,7,47.3,184.0,2024-01-06,2024-10-16,Yes
INV002891,8,61.7,114.0,2024-03-21,2025-05-27,Yes
INV002893,9,83.8,213.0,2024-01-01,2025-11-01,Yes
INV002900,6,76.0,136.0,2024-05-20,2025-06-04,Yes
INV002903,6,78.0,128.0,2024-04-02,2025-04-27,Yes
INV002904,7,75.2,139.0,2024-04-08,2025-07-03,Yes
INV002905,6,78.2,221.0,2024-02-06,2025-03-03,Yes
INV002906,6,41.2,64.0,2024-06-23,2025-01-15,Yes
INV002909,7,84.2,338.0,2024-01-02,2025-05-21,Yes
INV002912,6,136.4,253.0,2024-01-22,2025-12-04,Yes
INV002913,7,95.7,168.0,2024-02-08,2025-09-04,Yes
INV002915,8,86.7,273.0,2024-02-03,2025-10-02,Yes
INV002921,7,71.2,264.0,2024-01-12,2025-03-14,Yes
INV002927,8,99.0,223.0,2024-01-08,2025-12-01,Yes
INV002935,7,79.5,154.0,2024-01-10,2025-05-01,Yes
INV002937,7,67.2,184.0,2024-02-15,2025-03-24,Yes
INV002939,7,60.5,127.0,2024-04-23,2025-04-21,Yes
INV002942,9,74.5,217.0,2024-01-14,2025-09-01,Yes
INV002945,8,65.0,147.0,2024-01-27,2025-04-26,Yes
INV002947,7,45.7,111.0,2024-04-25,2025-01-24,Yes
INV002950,8,58.4,135.0,2024-05-21,2025-07-04,Yes
INV002951,7,95.2,385.0,2024-01-08,2025-08-01,Yes
INV002961,7,96.8,201.0,2024-02-01,2025-09-04,Yes
INV002974,7,85.5,176.0,2024-03-08,2025-08-03,Yes
INV002984,6,91.0,299.0,2024-01-24,2025-04-23,Yes
INV002989,6,131.6,225.0,2024-02-15,2025-12-04,Yes
INV002994,7,58.2,107.0,2024-05-13,2025-04-27,Yes
INV003000,7,67.0,80.0,2024-03-13,2025-04-19,Yes
INV003003,9,61.0,168.0,2024-04-02,2025-08-03,Yes
INV003005,8,65.9,166.0,2024-02-28,2025-06-03,Yes
INV003007,9,86.6,221.0,2024-01-12,2025-12-05,Yes
INV003009,9,38.9,136.0,2024-06-10,2025-04-17,Yes
INV003011,7,89.0,186.0,2024-03-17,2025-09-02,Yes
INV003014,6,56.6,114.0,2024-08-16,2025-05-26,Yes
INV003015,7,57.0,121.0,2024-06-27,2025-06-04,Yes
INV003018,6,55.6,189.0,2024-02-10,2024-11-14,Yes
INV003022,6,90.2,129.0,2024-02-07,2025-05-03,Yes
INV003024,6,77.6,150.0,2024-02-11,2025-03-05,Yes
INV003025,8,41.9,85.0,2024-02-18,2024-12-07,Yes
INV003028,6,79.4,207.0,2024-02-01,2025-03-04,Yes
INV003034,6,114.8,164.0,2024-02-09,2025-09-05,Yes
INV003036,8,99.0,273.0,2024-01-09,2025-12-02,Yes
INV003037,7,86.2,186.0,2024-07-03,2025-12-02,Yes
INV003040,6,111.8,291.0,2024-03-21,2025-10-01,Yes
INV003043,7,73.8,131.0,2024-01-30,2025-04-17,Yes
INV003044,7,78.8,239.0,2024-01-09,2025-04-26,Yes
INV003045,6,17.0,35.0,2024-04-09,2024-07-03,No
INV003047,8,70.1,185.0,2024-01-20,2025-05-25,Yes
INV003054,7,78.7,200.0,2024-01-01,2025-04-17,Yes
INV003060,7,78.0,179.0,2024-01-12,2025-04-24,Yes
INV003063,7,58.3,149.0,2024-01-02,2024-12-17,Yes
INV003070,9,41.6,168.0,2024-04-18,2025-03-17,Yes
INV003074,6,74.8,258.0,2024-02-23,2025-03-03,Yes
INV003075,8,77.1,285.0,2024-04-10,2025-10-02,Yes
INV003078,7,41.3,71.0,2024-06-17,2025-02-20,Yes
INV003082,8,63.1,200.0,2024-03-16,2025-06-01,Yes
INV003083,6,66.4,169.0,2024-01-25,2024-12-22,Yes
INV003089,6,69.0,166.0,2024-01-03,2024-12-13,Yes
INV003091,9,78.8,261.0,2024-01-10,2025-10-01,Yes
INV003095,6,116.2,302.0,2024-03-03,2025-10-05,Yes
INV003097,8,58.9,162.0,2024-02-02,2025-03-20,Yes
INV003105,7,109.3,263.0,2024-02-16,2025-12-03,Yes
INV003112,6,91.6,190.0,2024-01-22,2025-04-24,Yes
INV003113,8,66.4,98.0,2024-01-20,2025-04-29,Yes
INV003115,6,71.4,200.0,2024-01-05,2024-12-27,Yes
INV003117,8,60.3,107.0,2024-03-25,2025-05-21,Yes
INV003134,7,59.3,172.0,2024-05-25,2025-05-16,Yes
INV003139,7,62.0,234.0,2024-02-09,2025-02-15,Yes
INV003140,8,72.7,184.0,2024-01-11,2025-06-03,Yes
INV003141,7,67.5,161.0,2024-02-13,2025-03-24,Yes
INV003144,7,70.7,200.0,2024-03-22,2025-05-20,Yes
INV003146,9,87.8,284.0,2024-01-02,2025-12-04,Yes
INV003151,6,100.0,158.0,2024-01-07,2025-05-21,Yes
INV003153,7,40.7,131.0,2024-02-14,2024-10-15,Yes
INV003158,9,58.8,143.0,2024-01-02,2025-04-16,Yes
INV003161,6,78.0,181.0,2024-03-06,2025-03-31,Yes
INV003169,6,88.8,267.0,2024-05-16,2025-08-03,Yes
INV003178,6,64.2,138.0,2024-01-10,2024-11-26,Yes
INV003179,9,81.1,160.0,2024-01-25,2025-11-04,Yes
INV003185,6,86.2,149.0,2024-02-09,2025-04-15,Yes
INV003187,9,87.9,301.0,2024-01-02,2025-12-05,Yes
INV003189,9,55.1,225.0,2024-02-02,2025-04-18,Yes
INV003191,6,82.6,138.0,2024-03-17,2025-05-04,Yes
INV003193,6,77.0,215.0,2024-01-17,2025-02-05,Yes
INV003196,7,80.3,319.0,2024-01-04,2025-04-30,Yes
INV003205,7,82.3,163.0,2024-05-26,2025-10-02,Yes
INV003210,6,84.4,212.0,2024-05-05,2025-07-01,Yes
INV003211,7,90.8,200.0,2024-02-06,2025-08-04,Yes
INV003214,6,139.2,368.0,2024-01-05,2025-12-01,Yes
INV003215,7,60.8,176.0,2024-01-19,2025-01-18,Yes
INV003219,6,57.4,96.0,2024-02-27,2024-12-10,Yes
INV003221,7,61.2,99.0,2024-01-17,2025-01-18,Yes
INV003222,7,80.0,143.0,2024-06-12,2025-10-05,Yes
INV003223,8,88.3,331.0,2024-01-25,2025-10-04,Yes
INV003228,7,106.7,256.0,2024-02-02,2025-11-03,Yes
INV003230,7,98.3,154.0,2024-02-19,2025-10-01,Yes
INV003231,7,83.0,253.0,2024-01-17,2025-05-29,Yes
INV003234,6,105.8,278.0,2024-01-19,2025-07-01,Yes
INV003236,9,58.6,89.0,2024-01-18,2025-05-01,Yes
INV003242,7,66.0,165.0,2024-05-05,2025-06-05,Yes
INV003247,6,84.6,206.0,2024-03-30,2025-05-27,Yes
INV003252,6,91.2,154.0,2024-05-05,2025-08-04,Yes
INV003256,7,51.0,90.0,2024-07-25,2025-05-27,Yes
INV003257,6,125.6,164.0,2024-02-12,2025-11-01,Yes
INV003260,6,103.4,409.0,2024-02-04,2025-07-05,Yes
INV003262,6,85.2,237.0,2024-01-13,2025-03-14,Yes
INV003267,6,70.2,238.0,2024-01-31,2025-01-16,Yes
INV003271,7,88.0,278.0,2024-04-22,2025-10-02,Yes
INV003273,8,90.7,186.0,2024-03-10,2025-12-05,Yes
INV003277,8,64.1,199.0,2024-03-07,2025-05-30,Yes
INV003279,9,61.4,160.0,2024-01-23,2025-05-28,Yes
INV003289,7,99.3,191.0,2024-02-15,2025-10-03,Yes
INV003300,6,111.4,233.0,2024-04-25,2025-11-03,Yes
INV003301,9,59.4,164.0,2024-01-25,2025-05-14,Yes
INV003304,10,59.3,227.0,2024-01-14,2025-07-01,Yes
INV003308,9,56.8,141.0,2024-02-19,2025-05-18,Yes
INV003310,6,86.6,148.0,2024-02-26,2025-05-04,Yes
INV003311,9,47.4,149.0,2024-04-14,2025-04-28,Yes
INV003314,7,109.3,331.0,2024-02-15,2025-12-02,Yes
INV003317,8,64.7,187.0,2024-02-04,2025-05-02,Yes
INV003320,8,43.3,146.0,2024-04-20,2025-02-17,Yes
INV003325,6,94.4,269.0,2024-02-09,2025-05-26,Yes
INV003329,6,100.8,202.0,2024-01-17,2025-06-04,Yes
INV003336,7,64.7,238.0,2024-02-11,2025-03-05,Yes
INV003338,9,50.6,155.0,2024-02-06,2025-03-17,Yes
INV003344,6,77.4,136.0,2024-03-27,2025-04-18,Yes
INV003350,6,94.8,295.0,2024-02-14,2025-06-02,Yes
INV003351,6,95.4,293.0,2024-07-15,2025-11-04,Yes
INV003352,8,63.9,135.0,2024-01-03,2025-03-25,Yes
INV003357,6,82.2,150.0,2024-02-08,2025-03-25,Yes
INV003360,8,55.3,163.0,2024-03-14,2025-04-05,Yes
INV003370,7,74.3,147.0,2024-03-13,2025-06-02,Yes
INV003372,6,71.2,103.0,2024-01-05,2024-12-26,Yes
INV003374,7,53.8,147.0,2024-10-17,2025-09-05,Yes
INV003375,8,77.6,297.0,2024-03-08,2025-09-02,Yes
INV003376,6,85.8,236.0,2024-03-21,2025-05-24,Yes
INV003379,7,96.8,210.0,2024-03-01,2025-10-03,Yes
INV003380,6,78.0,136.0,2024-02-03,2025-02-27,Yes
INV003382,6,34.2,85.0,2024-07-13,2024-12-31,Yes
INV003391,6,56.6,193.0,2024-06-06,2025-03-16,Yes
INV003393,8,95.7,196.0,2024-02-03,2025-12-04,Yes
INV003395,6,82.0,280.0,2024-05-20,2025-07-04,Yes
INV003398,8,83.3,165.0,2024-02-27,2025-10-02,Yes
INV003403,6,56.6,116.0,2024-01-02,2024-10-11,Yes
INV003404,8,58.6,235.0,2024-01-03,2025-02-16,Yes
INV003405,8,82.0,342.0,2024-02-07,2025-09-03,Yes
INV003406,8,78.3,196.0,2024-02-02,2025-08-03,Yes
INV003407,8,86.0,220.0,2024-02-09,2025-10-03,Yes
INV003422,7,56.8,132.0,2024-06-22,2025-05-29,Yes
INV003424,7,73.2,124.0,2024-02-16,2025-04-30,Yes
INV003427,6,66.6,92.0,2024-05-02,2025-03-31,Yes
INV003430,6,86.8,155.0,2024-05-27,2025-08-04,Yes
INV003431,6,86.6,245.0,2024-01-07,2025-03-15,Yes
INV003432,7,61.3,97.0,2024-02-16,2025-02-18,Yes
INV003435,7,61.7,123.0,2024-02-13,2025-02-17,Yes
INV003437,6,103.0,226.0,2024-02-06,2025-07-05,Yes
INV003448,7,71.3,143.0,2024-02-23,2025-04-26,Yes
INV003450,10,51.4,91.0,2024-01-11,2025-04-18,Yes
INV003455,7,57.2,130.0,2024-01-08,2024-12-16,Yes
INV003457,7,105.3,246.0,2024-02-11,2025-11-04,Yes
INV003458,8,75.3,183.0,2024-04-22,2025-10-01,Yes
INV003459,6,60.2,130.0,2024-08-07,2025-06-04,Yes
INV003473,6,44.0,97.0,2024-05-30,2025-01-05,Yes
INV003475,9,63.4,206.0,2024-01-14,2025-06-04,Yes
INV003478,9,65.1,142.0,2024-01-27,2025-07-01,Yes
INV003479,8,65.9,164.0,2024-02-07,2025-05-13,Yes
INV003480,6,94.2,328.0,2024-01-18,2025-05-03,Yes
INV003484,6,82.8,217.0,2024-02-13,2025-04-02,Yes
INV003487,6,70.6,120.0,2024-02-29,2025-02-16,Yes
INV003491,9,74.8,155.0,2024-03-13,2025-11-01,Yes
INV003492,6,107.4,171.0,2024-03-17,2025-09-05,Yes
INV003495,10,46.1,146.0,2024-03-02,2025-04-21,Yes
INV003506,7,67.0,220.0,2024-04-18,2025-05-25,Yes
INV003509,9,60.9,149.0,2024-01-20,2025-05-21,Yes
INV003511,8,84.4,173.0,2024-01-19,2025-09-01,Yes
INV003514,6,87.0,172.0,2024-01-05,2025-03-15,Yes
INV003518,6,69.8,235.0,2024-04-12,2025-03-27,Yes
INV003521,6,89.0,183.0,2024-02-28,2025-05-18,Yes
INV003524,7,93.8,360.0,2024-02-18,2025-09-03,Yes
INV003526,6,128.6,259.0,2024-01-30,2025-11-03,Yes
INV003528,9,66.0,172.0,2024-01-23,2025-07-04,Yes
INV003530,6,95.8,193.0,2024-07-11,2025-11-02,Yes
INV003531,6,106.2,185.0,2024-01-17,2025-07-01,Yes
INV003534,8,74.6,160.0,2024-03-30,2025-09-03,Yes
INV003545,6,90.0,210.0,2024-01-27,2025-04-21,Yes
INV003556,6,126.6,279.0,2024-03-12,2025-12-05,Yes
INV003557,6,89.8,139.0,2024-01-09,2025-04-02,Yes
INV003558,7,45.5,139.0,2024-03-07,2024-12-05,Yes
INV003559,10,48.3,227.0,2024-01-25,2025-04-04,Yes
INV003562,7,83.8,165.0,2024-01-11,2025-05-28,Yes
INV003564,8,68.0,191.0,2024-01-27,2025-05-17,Yes
INV003580,7,65.8,177.0,2024-03-18,2025-04-17,Yes
INV003581,8,67.6,139.0,2024-02-10,2025-05-28,Yes
INV003582,7,100.2,227.0,2024-01-12,2025-09-04,Yes
INV003586,8,77.0,144.0,2024-01-12,2025-07-04,Yes
INV003592,6,54.4,115.0,2024-06-02,2025-03-01,Yes
INV003593,6,84.4,275.0,2024-07-08,2025-09-03,Yes
INV003598,8,68.0,116.0,2024-01-15,2025-05-05,Yes
INV003599,6,50.0,110.0,2024-01-24,2024-09-30,Yes
INV003601,9,71.2,202.0,2024-05-12,2025-12-03,Yes
INV003604,6,125.6,291.0,2024-01-15,2025-10-04,Yes
INV003607,6,61.8,136.0,2024-05-15,2025-03-20,Yes
INV003611,7,111.8,316.0,2024-01-04,2025-11-05,Yes
INV003613,8,81.4,295.0,2024-01-12,2025-08-04,Yes
INV003619,6,102.8,323.0,2024-04-09,2025-09-05,Yes
INV003625,6,76.2,202.0,2024-03-11,2025-03-27,Yes
INV003627,7,87.5,170.0,2024-05-25,2025-11-01,Yes
INV003630,7,52.0,106.0,2024-04-14,2025-02-20,Yes
INV003633,6,78.8,119.0,2024-03-26,2025-04-24,Yes
INV003634,6,53.8,98.0,2024-02-15,2024-11-10,Yes
INV003635,10,47.1,129.0,2024-01-28,2025-03-27,Yes
INV003641,8,78.6,219.0,2024-05-01,2025-11-02,Yes
INV003642,7,40.8,117.0,2024-01-24,2024-09-25,Yes
INV003645,6,95.2,338.0,2024-01-29,2025-05-19,Yes
INV003649,6,96.8,233.0,2024-01-22,2025-05-20,Yes
INV003650,11,33.9,106.0,2024-02-24,2025-01-28,Yes
INV003654,7,73.5,124.0,2024-03-12,2025-05-27,Yes
INV003655,10,57.4,206.0,2024-01-05,2025-06-05,Yes
INV003658,8,91.9,321.0,2024-02-01,2025-11-05,Yes
INV003660,6,79.0,266.0,2024-02-16,2025-03-17,Yes
INV003669,7,88.0,171.0,2024-05-25,2025-11-04,Yes
INV003670,8,96.3,219.0,2024-01-01,2025-11-05,Yes
INV003672,6,77.2,180.0,2024-02-24,2025-03-16,Yes
INV003673,8,98.4,219.0,2024-01-16,2025-12-05,Yes
INV003678,6,32.8,45.0,2024-11-15,2025-04-28,Yes
INV003681,9,58.8,102.0,2024-01-08,2025-04-22,Yes
INV003683,6,73.8,165.0,2024-04-13,2025-04-17,Yes
INV003684,6,98.2,288.0,2024-01-25,2025-05-30,Yes
INV003685,6,106.8,147.0,2024-04-19,2025-10-05,Yes
INV003686,6,129.8,283.0,2024-01-26,2025-11-05,Yes
INV003693,7,71.3,205.0,2024-01-17,2025-03-20,Yes
INV003695,7,64.0,157.0,2024-07-13,2025-08-01,Yes
INV003696,6,75.8,190.0,2024-04-14,2025-04-28,Yes
INV003697,7,109.5,167.0,2024-02-13,2025-12-01,Yes
INV003702,7,72.7,183.0,2024-01-13,2025-03-24,Yes
INV003705,6,57.6,202.0,2024-04-01,2025-01-14,Yes
INV003707,6,51.0,103.0,2024-04-01,2024-12-12,Yes
INV003708,7,60.5,94.0,2024-04-27,2025-04-25,Yes
INV003709,6,80.2,181.0,2024-04-22,2025-05-28,Yes
INV003710,6,82.6,140.0,2024-01-11,2025-02-27,Yes
INV003711,6,77.4,145.0,2024-01-02,2025-01-23,Yes
INV003712,6,91.6,172.0,2024-07-04,2025-10-05,Yes
INV003713,7,100.5,313.0,2024-04-10,2025-12-04,Yes
INV003718,6,91.4,284.0,2024-02-20,2025-05-22,Yes
INV003720,6,58.2,145.0,2024-05-30,2025-03-17,Yes
INV003722,7,80.5,119.0,2024-02-06,2025-06-03,Yes
INV003723,6,61.8,124.0,2024-02-23,2024-12-28,Yes
INV003724,7,68.0,142.0,2024-01-30,2025-03-13,Yes
INV003733,6,66.6,120.0,2024-05-02,2025-03-31,Yes
INV003734,8,71.6,198.0,2024-02-19,2025-07-04,Yes
INV003735,8,78.7,230.0,2024-03-29,2025-10-01,Yes
INV003736,7,111.0,228.0,2024-02-05,2025-12-02,Yes
INV003738,6,84.2,168.0,2024-03-10,2025-05-05,Yes
INV003740,7,86.0,254.0,2024-05-04,2025-10-02,Yes
INV003741,7,70.2,165.0,2024-01-03,2025-02-27,Yes
INV003744,6,86.8,187.0,2024-03-13,2025-05-21,Yes
INV003745,6,69.2,115.0,2024-04-12,2025-03-24,Yes
INV003748,8,55.7,148.0,2024-03-09,2025-04-03,Yes
INV003757,7,81.8,156.0,2024-01-17,2025-05-22,Yes
INV003761,8,86.7,186.0,2024-02-04,2025-10-03,Yes
INV003766,8,65.3,163.0,2024-02-21,2025-05-23,Yes
INV003767,9,47.5,125.0,2024-01-19,2025-02-02,Yes
INV003771,10,50.4,130.0,2024-01-15,2025-04-13,Yes
INV003772,9,35.9,73.0,2024-03-08,2024-12-20,Yes
INV003775,6,62.2,113.0,2024-04-28,2025-03-05,Yes
INV003779,6,91.6,191.0,2024-03-30,2025-07-01,Yes
INV003780,8,87.1,313.0,2024-01-02,2025-09-03,Yes
INV003781,7,59.7,142.0,2024-02-11,2025-02-03,Yes
INV003785,6,70.6,144.0,2024-04-29,2025-04-17,Yes
INV003787,9,59.8,154.0,2024-02-06,2025-05-29,Yes
INV003793,7,107.0,218.0,2024-03-02,2025-12-04,Yes
INV003795,7,67.7,122.0,2024-01-05,2025-02-14,Yes
INV003811,7,94.2,167.0,2024-01-14,2025-08-01,Yes
INV003812,7,68.5,225.0,2024-02-07,2025-03-24,Yes
INV003813,6,87.0,122.0,2024-01-06,2025-03-16,Yes
INV003815,7,68.2,205.0,2024-03-04,2025-04-17,Yes
INV003824,7,71.5,207.0,2024-03-14,2025-05-17,Yes
INV003825,6,101.6,165.0,2024-01-12,2025-06-03,Yes
INV003828,7,39.3,138.0,2024-01-04,2024-08-27,Yes
INV003829,10,62.9,163.0,2024-03-17,2025-10-04,Yes
INV003830,6,71.4,93.0,2024-01-24,2025-01-15,Yes
INV003844,7,79.2,227.0,2024-03-16,2025-07-04,Yes
INV003847,8,73.4,138.0,2024-05-08,2025-10-04,Yes
INV003849,6,106.4,254.0,2024-03-18,2025-09-01,Yes
INV003851,7,106.0,200.0,2024-02-06,2025-11-03,Yes
INV003860,6,81.6,188.0,2024-09-23,2025-11-05,Yes
INV003862,7,107.7,285.0,2024-02-25,2025-12-02,Yes
INV003865,7,94.7,235.0,2024-01-14,2025-08-04,Yes
INV003868,6,111.4,229.0,2024-02-26,2025-09-05,Yes
INV003872,9,45.4,100.0,2024-05-15,2025-05-13,Yes
INV003876,6,48.0,99.0,2024-08-03,2025-03-31,Yes
INV003880,8,67.9,193.0,2024-02-08,2025-05-28,Yes
INV003885,6,71.6,281.0,2024-06-06,2025-05-30,Yes
INV003892,10,67.6,142.0,2024-02-01,2025-10-01,Yes
INV003896,6,38.0,84.0,2024-10-24,2025-05-02,Yes
INV003897,6,72.8,211.0,2024-02-06,2025-02-04,Yes
INV003903,8,50.3,130.0,2024-02-07,2025-01-24,Yes
INV003905,7,77.3,162.0,2024-04-28,2025-08-05,Yes
INV003906,10,59.9,191.0,2024-01-13,2025-07-05,Yes
INV003912,6,68.6,253.0,2024-01-15,2024-12-23,Yes
INV003913,8,65.9,136.0,2024-01-09,2025-04-14,Yes
INV003916,6,80.0,259.0,2024-05-28,2025-07-02,Yes
INV003920,8,71.9,167.0,2024-01-17,2025-06-03,Yes
INV003936,6,89.6,167.0,2024-01-21,2025-04-13,Yes
INV003938,7,43.2,129.0,2024-04-06,2024-12-21,Yes
INV003940,7,70.7,135.0,2024-01-21,2025-03-20,Yes
INV003943,9,44.0,114.0,2024-04-10,2025-03-28,Yes
INV003945,7,75.8,239.0,2024-01-02,2025-04-01,Yes
INV003946,7,74.2,217.0,2024-01-14,2025-04-03,Yes
INV003948,7,48.7,101.0,2024-08-14,2025-06-02,Yes
INV003952,7,54.7,87.0,2024-04-20,2025-03-14,Yes
INV003958,6,114.8,156.0,2024-03-09,2025-10-04,Yes
INV003962,8,88.7,162.0,2024-01-21,2025-10-03,Yes
INV003964,10,70.4,172.0,2024-01-09,2025-10-04,Yes
INV003968,6,104.2,246.0,2024-01-31,2025-07-05,Yes
INV003972,6,72.4,224.0,2024-05-03,2025-04-30,Yes
INV003975,8,38.7,83.0,2024-07-30,2025-04-27,Yes
INV003978,8,80.9,198.0,2024-01-16,2025-08-04,Yes
INV003979,8,65.7,135.0,2024-02-29,2025-06-03,Yes
INV003981,7,116.8,325.0,2024-01-04,2025-12-05,Yes
INV003985,6,96.2,339.0,2024-01-03,2025-04-28,Yes
INV003996,6,98.0,207.0,2024-01-11,2025-05-15,Yes
INV004001,8,62.3,179.0,2024-01-08,2025-03-19,Yes
INV004004,10,51.4,88.0,2024-02-12,2025-05-20,Yes
INV004005,7,111.2,201.0,2024-02-07,2025-12-05,Yes
INV004007,7,53.5,148.0,2024-01-23,2024-12-09,Yes
INV004009,8,67.4,119.0,2024-02-17,2025-06-03,Yes
INV004014,9,78.2,182.0,2024-01-14,2025-10-01,Yes
INV004015,6,88.0,176.0,2024-01-31,2025-04-15,Yes
INV004017,7,55.2,104.0,2024-01-04,2024-11-30,Yes
INV004023,10,60.8,196.0,2024-03-07,2025-09-05,Yes
INV004037,6,74.2,137.0,2024-05-12,2025-05-18,Yes
INV004038,7,101.7,218.0,2024-03-05,2025-11-05,Yes
INV004049,6,102.2,211.0,2024-05-08,2025-10-01,Yes
INV004063,8,56.6,117.0,2024-04-13,2025-05-14,Yes
INV004066,7,104.7,319.0,2024-01-15,2025-10-04,Yes
INV004069,6,75.6,196.0,2024-01-08,2025-01-20,Yes
INV004070,7,55.5,198.0,2024-04-19,2025-03-18,Yes
INV004079,7,71.3,175.0,2024-01-21,2025-03-24,Yes
INV004085,7,92.3,261.0,2024-04-26,2025-11-01,Yes
INV004091,6,123.4,255.0,2024-03-24,2025-12-01,Yes
INV004094,6,55.8,167.0,2024-08-23,2025-05-29,Yes
INV004098,6,93.6,204.0,2024-06-23,2025-10-04,Yes
INV004099,6,76.4,141.0,2024-01-04,2025-01-20,Yes
INV004106,6,65.4,116.0,2024-01-07,2024-11-29,Yes
INV004112,6,55.2,110.0,2024-01-28,2024-10-30,Yes
INV004116,10,54.9,146.0,2024-01-18,2025-05-26,Yes
INV004118,6,57.0,113.0,2024-06-13,2025-03-25,Yes
INV004119,6,73.2,278.0,2024-03-29,2025-03-30,Yes
INV004123,6,125.4,241.0,2024-03-14,2025-12-01,Yes
INV004124,6,46.0,91.0,2024-09-06,2025-04-24,Yes
INV004125,9,76.4,281.0,2024-02-02,2025-10-05,Yes
INV004127,6,81.6,190.0,2024-02-01,2025-03-15,Yes
INV004128,6,78.6,156.0,2024-02-02,2025-03-01,Yes
INV004134,6,42.2,72.0,2024-01-07,2024-08-05,Yes
INV004135,10,57.7,181.0,2024-01-02,2025-06-04,Yes
INV004143,6,97.0,280.0,2024-01-22,2025-05-21,Yes
INV004145,6,113.2,260.0,2024-02-13,2025-09-01,Yes
INV004146,6,84.2,253.0,2024-03-03,2025-04-28,Yes
INV004147,6,101.6,162.0,2024-01-06,2025-05-28,Yes
INV004149,6,57.4,148.0,2024-04-06,2025-01-18,Yes
INV004151,8,80.1,164.0,2024-02-22,2025-09-05,Yes
INV004153,8,86.9,188.0,2024-04-04,2025-12-03,Yes
INV004154,12,47.1,145.0,2024-01-01,2025-06-02,Yes
INV004172,8,99.7,252.0,2024-01-05,2025-12-03,Yes
INV004174,6,122.2,227.0,2024-01-01,2025-09-03,Yes
INV004175,8,93.3,237.0,2024-01-22,2025-11-05,Yes
INV004177,8,45.4,117.0,2024-02-15,2024-12-29,Yes
INV004179,6,77.0,158.0,2024-04-14,2025-05-04,Yes
INV004181,6,90.4,132.0,2024-02-20,2025-05-17,Yes
INV004191,7,72.3,161.0,2024-01-27,2025-04-05,Yes
INV004196,7,78.3,219.0,2024-01-29,2025-05-13,Yes
INV004199,6,83.8,138.0,2024-02-07,2025-04-01,Yes
INV004202,9,57.4,130.0,2024-01-12,2025-04-15,Yes
INV004203,8,59.9,161.0,2024-01-22,2025-03-16,Yes
INV004208,6,102.8,243.0,2024-01-05,2025-06-02,Yes
INV004212,7,83.0,172.0,2024-01-07,2025-05-19,Yes
INV004216,7,83.7,130.0,2024-01-11,2025-05-27,Yes
INV004228,7,87.2,133.0,2024-02-29,2025-08-05,Yes
INV004232,6,71.4,232.0,2024-01-23,2025-01-14,Yes
INV004239,8,67.7,176.0,2024-01-11,2025-04-29,Yes
INV004241,10,53.7,161.0,2024-01-31,2025-05-28,Yes
INV004243,8,82.1,211.0,2024-01-06,2025-08-03,Yes
INV004246,7,43.5,114.0,2024-02-18,2024-11-05,Yes
INV004247,6,94.8,274.0,2024-02-08,2025-05-27,Yes
INV004248,7,47.8,96.0,2024-02-25,2024-12-08,Yes
INV004258,7,49.7,105.0,2024-03-30,2025-01-22,Yes
INV004266,7,56.8,108.0,2024-02-09,2025-01-15,Yes
INV004267,7,105.7,227.0,2024-03-11,2025-12-05,Yes
INV004270,7,69.7,174.0,2024-03-28,2025-05-20,Yes
INV004271,6,79.8,157.0,2024-02-17,2025-03-22,Yes
INV004279,8,94.3,348.0,2024-02-11,2025-12-02,Yes
INV004281,8,40.0,74.0,2024-01-17,2024-10-23,Yes
INV004282,8,52.9,138.0,2024-04-15,2025-04-20,Yes
INV004285,7,83.5,222.0,2024-01-17,2025-06-01,Yes
INV004288,7,82.7,134.0,2024-01-25,2025-06-04,Yes
INV004289,11,63.5,244.0,2024-01-09,2025-10-05,Yes
INV004293,6,77.4,162.0,2024-02-29,2025-03-22,Yes
INV004295,9,52.9,153.0,2024-05-04,2025-07-01,Yes
INV004296,6,125.8,301.0,2024-01-11,2025-10-01,Yes
INV004297,9,82.8,172.0,2024-01-10,2025-11-02,Yes
INV004299,8,64.1,228.0,2024-02-29,2025-05-23,Yes
INV004306,7,87.0,201.0,2024-04-28,2025-10-02,Yes
INV004308,7,106.5,287.0,2024-01-01,2025-10-01,Yes
INV004314,6,120.6,262.0,2024-02-09,2025-10-04,Yes
INV004319,9,67.0,201.0,2024-01-15,2025-07-04,Yes
INV004321,9,34.9,69.0,2024-02-18,2024-11-23,Yes
INV004324,7,53.3,115.0,2024-07-02,2025-05-18,Yes
INV004326,10,41.3,89.0,2024-04-11,2025-04-18,Yes
INV004332,8,66.9,149.0,2024-02-06,2025-05-19,Yes
INV004335,8,60.7,131.0,2024-04-06,2025-06-05,Yes
INV004338,10,52.0,209.0,2024-01-08,2025-04-20,Yes
INV004340,6,100.6,242.0,2024-05-17,2025-10-02,Yes
INV004343,6,94.8,190.0,2024-01-08,2025-04-26,Yes
INV004348,6,114.4,245.0,2024-05-12,2025-12-05,Yes
INV004349,7,72.5,159.0,2024-02-20,2025-04-30,Yes
INV004356,6,82.0,256.0,2024-02-12,2025-03-28,Yes
INV004357,8,91.0,259.0,2024-01-07,2025-10-05,Yes
INV004358,8,51.3,81.0,2024-01-07,2024-12-31,Yes
INV004361,8,83.0,144.0,2024-01-30,2025-09-02,Yes
INV004364,6,86.2,112.0,2024-03-27,2025-06-01,Yes
INV004367,6,90.2,205.0,2024-09-10,2025-12-05,Yes
INV004372,6,45.0,126.0,2024-06-22,2025-02-02,Yes
INV004391,6,54.0,91.0,2024-01-18,2024-10-14,Yes
INV004392,6,90.4,223.0,2024-01-30,2025-04-26,Yes
INV004400,8,51.7,191.0,2024-02-05,2025-02-01,Yes
INV004401,8,68.3,159.0,2024-01-23,2025-05-15,Yes
INV004403,6,69.2,151.0,2024-03-05,2025-02-14,Yes
INV004410,11,46.5,138.0,2024-01-06,2025-04-15,Yes
INV004411,6,52.8,140.0,2024-03-02,2024-11-21,Yes
INV004412,7,72.7,155.0,2024-04-22,2025-07-02,Yes
INV004413,8,69.0,155.0,2024-01-29,2025-05-26,Yes
INV004414,8,51.3,208.0,2024-01-20,2025-01-13,Yes
INV004421,6,94.2,214.0,2024-01-17,2025-05-02,Yes
INV004427,11,48.2,176.0,2024-02-02,2025-05-29,Yes
INV004434,6,94.6,176.0,2024-02-09,2025-05-27,Yes
INV004446,6,120.6,264.0,2024-03-11,2025-11-04,Yes
INV004447,7,49.8,128.0,2024-02-18,2024-12-13,Yes
INV004450,6,59.0,100.0,2024-01-21,2024-11-11,Yes
INV004451,6,84.0,196.0,2024-03-30,2025-05-24,Yes
INV004452,7,61.5,181.0,2024-05-01,2025-05-05,Yes
INV004454,6,99.0,311.0,2024-01-24,2025-06-02,Yes
INV004455,6,75.4,127.0,2024-04-09,2025-04-21,Yes
INV004457,6,128.8,274.0,2024-01-29,2025-11-03,Yes
INV004459,7,52.8,147.0,2024-03-08,2025-01-19,Yes
INV004460,9,42.5,103.0,2024-01-23,2024-12-28,Yes
INV004463,6,100.8,241.0,2024-01-18,2025-06-05,Yes
INV004464,7,58.0,142.0,2024-02-21,2025-02-03,Yes
INV004468,7,61.8,154.0,2024-05-11,2025-05-17,Yes
INV004472,7,79.0,156.0,2024-07-18,2025-11-04,Yes
INV004473,7,78.2,220.0,2024-01-21,2025-05-04,Yes
INV004475,7,81.2,156.0,2024-05-04,2025-09-03,Yes
INV004477,8,66.6,114.0,2024-05-24,2025-09-02,Yes
INV004484,6,61.6,112.0,2024-04-19,2025-02-21,Yes
INV004502,7,70.3,132.0,2024-01-27,2025-03-24,Yes
INV004504,8,62.1,138.0,2024-01-03,2025-03-13,Yes
INV004511,6,114.0,245.0,2024-01-12,2025-08-04,Yes
INV004517,6,122.4,314.0,2024-03-02,2025-11-04,Yes
INV004521,7,64.7,94.0,2024-04-09,2025-05-02,Yes
INV004523,6,102.8,202.0,2024-02-07,2025-07-05,Yes
INV004528,7,83.3,197.0,2024-01-07,2025-05-21,Yes
INV004531,8,67.4,135.0,2024-01-06,2025-04-22,Yes
INV004533,7,77.5,194.0,2024-01-12,2025-04-21,Yes
INV004542,7,49.0,119.0,2024-02-14,2024-12-04,Yes
INV004547,7,96.0,266.0,2024-04-04,2025-11-01,Yes
INV004555,8,63.3,109.0,2024-01-09,2025-03-27,Yes
INV004560,9,57.6,117.0,2024-02-26,2025-06-01,Yes
INV004562,6,75.4,158.0,2024-02-14,2025-02-25,Yes
INV004563,7,72.8,211.0,2024-03-06,2025-05-17,Yes
INV004574,8,77.6,158.0,2024-03-10,2025-09-04,Yes
INV004576,6,98.4,338.0,2024-04-27,2025-09-01,Yes
INV004579,8,43.9,105.0,2024-03-24,2025-01-25,Yes
INV004581,8,63.9,183.0,2024-03-01,2025-05-22,Yes
INV004589,6,71.4,225.0,2024-01-28,2025-01-19,Yes
INV004594,8,38.0,98.0,2024-08-03,2025-04-26,Yes
INV004598,6,61.6,181.0,2024-04-18,2025-02-20,Yes
INV004602,9,66.5,242.0,2024-01-18,2025-07-03,Yes
INV004607,8,83.9,151.0,2024-03-24,2025-11-01,Yes
INV004608,8,50.1,96.0,2024-03-09,2025-02-23,Yes
INV004611,7,50.7,93.0,2024-02-14,2024-12-14,Yes
INV004614,6,101.4,324.0,2024-06-15,2025-11-04,Yes
INV004617,9,42.6,109.0,2024-01-06,2024-12-12,Yes
INV004621,9,54.2,107.0,2024-01-13,2025-03-22,Yes
INV004625,6,90.8,204.0,2024-03-02,2025-05-30,Yes
INV004629,8,64.6,179.0,2024-01-19,2025-04-15,Yes
INV004630,9,50.6,95.0,2024-01-17,2025-02-25,Yes
INV004631,8,90.1,199.0,2024-01-10,2025-10-02,Yes
INV004633,7,87.0,165.0,2024-01-30,2025-07-05,Yes
INV004635,7,57.3,118.0,2024-03-15,2025-02-22,Yes
INV004636,6,117.0,212.0,2024-02-26,2025-10-03,Yes
INV004638,7,54.3,110.0,2024-04-23,2025-03-15,Yes
INV004640,7,101.2,227.0,2024-02-06,2025-10-05,Yes
INV004641,6,67.8,153.0,2024-02-13,2025-01-17,Yes
INV004642,6,54.8,232.0,2024-02-23,2024-11-23,Yes
INV004643,6,36.0,78.0,2024-04-22,2024-10-19,Yes
INV004646,7,101.7,184.0,2024-03-04,2025-11-04,Yes
INV004647,7,70.7,138.0,2024-01-23,2025-03-22,Yes
INV004650,6,60.0,167.0,2024-05-20,2025-03-16,Yes
INV004661,8,71.6,261.0,2024-01-08,2025-05-23,Yes
INV004665,6,88.4,233.0,2024-02-04,2025-04-21,Yes
INV004672,7,87.8,127.0,2024-01-21,2025-07-01,Yes
INV004680,7,66.8,126.0,2024-03-11,2025-04-16,Yes
INV004682,9,31.2,57.0,2024-02-13,2024-10-20,Yes
INV004688,6,138.2,434.0,2024-01-11,2025-12-02,Yes
INV004692,6,87.2,256.0,2024-01-04,2025-03-15,Yes
INV004701,7,46.0,156.0,2024-01-31,2024-11-02,Yes
INV004704,6,93.8,200.0,2024-01-17,2025-04-30,Yes
INV004712,8,50.0,122.0,2024-03-08,2025-02-21,Yes
INV004715,7,88.2,188.0,2024-06-22,2025-12-03,Yes
INV004716,7,71.0,174.0,2024-03-28,2025-05-28,Yes
INV004737,10,54.6,113.0,2024-01-20,2025-05-25,Yes
INV004738,6,93.2,240.0,2024-01-25,2025-05-05,Yes
INV004741,7,90.7,297.0,2024-01-07,2025-07-04,Yes
INV004753,6,133.0,228.0,2024-01-07,2025-11-02,Yes
INV004755,7,61.2,138.0,2024-04-19,2025-04-21,Yes
INV004761,6,88.8,174.0,2024-01-13,2025-04-01,Yes
INV004763,7,72.0,184.0,2024-03-19,2025-05-25,Yes
INV004764,6,80.0,162.0,2024-03-13,2025-04-17,Yes
INV004770,8,67.0,150.0,2024-02-14,2025-05-28,Yes
INV004776,9,63.4,112.0,2024-04-15,2025-09-04,Yes
INV004780,7,71.2,160.0,2024-02-11,2025-04-13,Yes
INV004785,7,111.2,248.0,2024-02-03,2025-12-01,Yes
INV004787,7,100.8,179.0,2024-03-09,2025-11-04,Yes
INV004798,7,53.7,119.0,2024-01-25,2024-12-12,Yes
INV004804,6,93.2,219.0,2024-08-26,2025-12-05,Yes
INV004805,7,70.0,249.0,2024-05-07,2025-07-01,Yes
INV004807,8,45.1,125.0,2024-08-19,2025-07-01,Yes
INV004813,6,59.8,125.0,2024-01-31,2024-11-25,Yes
INV004819,7,82.5,170.0,2024-04-25,2025-09-02,Yes
INV004825,7,70.2,96.0,2024-03-10,2025-05-05,Yes
INV004833,6,65.4,171.0,2024-05-27,2025-04-19,Yes
INV004834,9,25.9,58.0,2024-03-27,2024-10-20,Yes
INV004840,7,100.0,251.0,2024-02-09,2025-10-01,Yes
INV004843,8,38.3,153.0,2024-07-04,2025-03-29,Yes
INV004844,7,87.5,143.0,2024-04-24,2025-10-01,Yes
INV004845,6,117.4,220.0,2024-01-25,2025-09-03,Yes
INV004847,7,112.8,280.0,2024-01-27,2025-12-04,Yes
INV004848,9,55.6,111.0,2024-01-05,2025-03-25,Yes
INV004860,6,72.4,160.0,2024-04-03,2025-03-31,Yes
INV004863,7,95.7,292.0,2024-02-05,2025-09-01,Yes
INV004864,8,47.6,114.0,2024-03-05,2025-02-01,Yes
INV004865,7,104.0,157.0,2024-02-20,2025-11-05,Yes
INV004868,8,77.1,180.0,2024-04-13,2025-10-05,Yes
INV004871,8,60.0,116.0,2024-06-11,2025-08-05,Yes
INV004877,7,110.2,189.0,2024-01-14,2025-11-05,Yes
INV004889,7,70.7,159.0,2024-01-28,2025-03-27,Yes
INV004891,8,58.3,117.0,2024-03-21,2025-05-03,Yes
INV004896,6,79.4,163.0,2024-02-13,2025-03-16,Yes
INV004901,6,54.6,96.0,2024-06-18,2025-03-18,Yes
INV004911,7,78.0,167.0,2024-01-20,2025-05-02,Yes
INV004913,6,76.0,156.0,2024-05-20,2025-06-04,Yes
INV004916,7,75.5,262.0,2024-01-16,2025-04-13,Yes
INV004917,7,110.3,230.0,2024-02-09,2025-12-02,Yes
INV004924,9,63.2,118.0,2024-01-14,2025-06-03,Yes
INV004925,7,81.5,154.0,2024-01-30,2025-06-02,Yes
INV004926,8,66.3,233.0,2024-02-21,2025-05-30,Yes
INV004927,7,37.8,63.0,2024-02-25,2024-10-09,Yes
INV004947,6,45.0,113.0,2024-02-02,2024-09-14,Yes
INV004953,7,67.2,156.0,2024-02-15,2025-03-24,Yes
INV004956,8,67.6,219.0,2024-02-17,2025-06-04,Yes
INV004958,7,67.0,152.0,2024-02-16,2025-03-24,Yes
INV004959,6,68.6,162.0,2024-01-24,2025-01-01,Yes
INV004967,6,89.4,223.0,2024-02-10,2025-05-02,Yes
INV004973,9,56.1,122.0,2024-02-05,2025-04-29,Yes
INV004974,8,66.7,131.0,2024-07-23,2025-11-02,Yes
INV004978,7,77.3,157.0,2024-01-10,2025-04-18,Yes
INV004981,8,43.0,115.0,2024-02-17,2024-12-14,Yes
INV004983,7,57.7,125.0,2024-01-16,2024-12-27,Yes
INV004984,7,75.3,177.0,2024-01-31,2025-04-27,Yes
INV004986,7,92.7,185.0,2024-01-27,2025-08-05,Yes
INV004992,7,82.8,176.0,2024-03-26,2025-08-05,Yes
INV004996,10,47.2,94.0,2024-04-03,2025-06-02,Yes
INV004997,7,75.2,296.0,2024-02-05,2025-05-01,Yes
